ec5_uuid,ec5_parent_uuid,created_at,uploaded_at,created_by,title,7_What_type_of_mill_,9_How_many_times_did,10_How_many_litres_o,11_How_much_did_you_,13_Have_you_paid_you,14_How_much_was_the_,16_Did_you_make_any_,17_What_type_of_repa,18_How_much_did_you_,19_How_much_did_you_,21_Did_you_have_any_,22_If_yes_what_was_t,23_How_much_did_you_
790a12b9-2ba7-4153-b176-d5ebb7844a06,c293c831-8ae1-475f-a597-bef4e9f83b8c,2022-06-24T10:26:57.302Z,2022-06-25T01:39:27.000Z,ikeapilot@gmail.com,Diesel Mill,Diesel Mill,1,60,45,No,0,No,,0,0,No,,0
380fd19f-b2b1-4c7a-85d6-8c8a754c5258,98bb7144-a6d9-4eb6-82f3-037c338a1d31,2022-06-23T09:02:24.277Z,2022-06-24T17:21:38.000Z,ikeapilot@gmail.com,Diesel Mill,Diesel Mill,1,60,44,No,0,No,,0,0,No,,0
814495c1-266f-4ce3-b52f-6272c404e8d8,41ec71f9-a542-4a96-b8d4-88a0d238dc44,2022-06-22T06:58:28.794Z,2022-06-22T18:58:31.000Z,ikeapilot@gmail.com,Electric Mill,Electric Mill,,,,No,0,Yes,dngay teweqrual,0,0,Yes,le serategna,1000
39a44c37-df53-4aae-a80d-86e3c8c48fa7,61a20de4-91bb-41d5-90ab-53824626f980,2022-06-22T06:55:54.008Z,2022-06-22T18:55:32.000Z,ikeapilot@gmail.com,Electric Mill,Electric Mill,,,,No,0,Yes,dngay teweqrual,0,0,Yes,le serategna,1000
1a9d31d5-0bce-48ef-a3ed-402f2ba95b7c,1d20ebfe-72b7-43a7-84c4-0abf6f058c8e,2022-06-20T07:38:18.923Z,2022-06-20T16:25:24.000Z,ikeapilot@gmail.com,Electric Mill,Electric Mill,,,,No,0,Yes,dngay teweqrual,0,0,No,,0
a0e340da-5203-44d6-ac7a-1ab638956c5c,dfac5591-911d-441f-a95e-17c1b4dad5e4,2022-06-17T08:54:12.384Z,2022-06-17T17:51:45.000Z,ikeapilot@gmail.com,Diesel Mill,Diesel Mill,3,90,40,No,0,No,,0,0,Yes,Worker salary,500
109df88c-61cf-44a7-8cbd-4f75a21b5dd9,048077b5-06d7-4300-966a-e7942cc02b17,2022-06-17T08:32:03.183Z,2022-06-17T18:37:55.000Z,ikeapilot@gmail.com,Electric Mill,Electric Mill,,,,No,0,No,,0,0,No,,0
96598943-467c-49c8-8637-93fe6dac9d7e,a8d32692-eeff-4466-a800-756cf55da46d,2022-06-16T12:44:17.953Z,2022-06-16T14:09:13.000Z,ikeapilot@gmail.com,Diesel Mill,Diesel Mill,1,28,45,No,0,Yes,Stone part,500,28000,Yes,Sallary,1500
7299f43f-5835-4d6e-abcc-9008da86c71b,382b1083-b3d9-49b5-98b2-b0b921e327cb,2022-06-16T07:34:17.113Z,2022-06-16T19:02:07.000Z,ikeapilot@gmail.com,Electric Mill,Electric Mill,,,,No,0,No,,0,0,Yes,le serategna,540
3a506be6-74ab-4410-9b69-ca6ea5a9f4c2,7f37492e-ae1d-4a2c-b55c-d69246d31bd0,2022-06-16T07:32:10.918Z,2022-06-16T18:57:59.000Z,ikeapilot@gmail.com,Electric Mill,Electric Mill,,,,No,0,No,,0,0,Yes,le serategna,540
3c1d723f-90e3-4b65-9d0a-eb39ae828b98,27d00309-6cbe-46b2-8b32-9ab95edf7d1b,2022-06-16T07:16:03.347Z,2022-06-17T04:00:38.000Z,ikeapilot@gmail.com,Diesel Mill,Diesel Mill,1,45,43,No,0,No,,0,0,No,,0
fea1a248-ed29-4706-b64c-5a4081b0104c,c5a75970-a1dc-4bd7-a790-81b3829ebab5,2022-06-15T08:46:53.055Z,2022-06-15T17:26:18.000Z,ikeapilot@gmail.com,Diesel Mill,Diesel Mill,4,80,40,No,0,No,,0,0,No,,0
62aa83d7-5d0c-4ed4-9db3-ac776c1e210d,6edc511a-85e8-458a-86d0-8c782c06318b,2022-06-15T07:40:19.240Z,2022-06-15T19:05:36.000Z,ikeapilot@gmail.com,Electric Mill,Electric Mill,,,,No,0,Yes,dngay teweqrual,0,0,No,,0
8580a7f6-09ad-4c78-af7d-32325bf11076,faca2c3d-507e-47f5-b7b8-342c40ec9e6e,2022-06-13T07:11:25.879Z,2022-06-13T19:25:24.000Z,ikeapilot@gmail.com,Electric Mill,Electric Mill,,,,No,0,Yes,dngay teweqrual,0,0,Yes,le serategna,360
1f3f1c09-ee75-47b8-81c0-de3fa4a0a18b,547da0c0-2ff7-428f-bcdf-4d6b486f136d,2022-06-13T07:10:22.290Z,2022-06-13T19:21:45.000Z,ikeapilot@gmail.com,Electric Mill,Electric Mill,,,,No,0,Yes,dngay teweqrual,0,0,Yes,le serategna,360
bfd8a07e-083a-4cbe-aa20-32b42e9274db,f30014bd-e25e-43ff-89fc-d7290f4bfd94,2022-06-10T11:33:18.616Z,2022-06-12T23:23:25.000Z,ikeapilot@gmail.com,Diesel Mill,Diesel Mill,1,28,45,No,0,No,,0,0,Yes,Sallary,1500
e726917d-4bbd-4d4b-912f-2207630cbad7,28c7cbff-d9b6-4948-8605-597233d85559,2022-06-10T07:25:28.729Z,2022-06-10T19:10:50.000Z,ikeapilot@gmail.com,Electric Mill,Electric Mill,,,,No,0,No,,0,0,Yes,le serategna,540
ff4e9d52-60d9-4532-af67-a83d1d675ec5,791729bb-6083-4ce0-9d86-1a8f388f5243,2022-06-10T07:23:33.270Z,2022-06-10T19:08:57.000Z,ikeapilot@gmail.com,Electric Mill,Electric Mill,,,,No,0,No,,0,0,Yes,le serategna,540
56c175f7-6c76-4f16-beaa-1c332f551f4a,00f115b8-f2cd-46e1-a93a-7e3090838608,2022-06-09T09:15:10.266Z,2022-06-10T12:51:07.000Z,ikeapilot@gmail.com,Diesel Mill,Diesel Mill,1,60,44,No,0,No,,0,0,Yes,Worker Salary,800
8e5d5e6e-e962-4cfe-a686-cb8e2afc8415,5d2c89cc-db15-48d2-a805-08a3e724adb0,2022-06-09T07:22:27.293Z,2022-06-09T19:40:21.000Z,ikeapilot@gmail.com,Electric Mill,Electric Mill,,,,No,0,Yes,dngay teweqrual,0,0,No,,0
21c364ef-2869-4ea7-ae37-efa65b565262,0b06b703-2b9c-49c3-a523-83a8f06c4f83,2022-06-08T09:07:43.166Z,2022-06-09T00:52:12.000Z,ikeapilot@gmail.com,Diesel Mill,Diesel Mill,2,60,39,No,0,Yes,"Boleja,chinga",800,5500,Yes,Worker salary,700
c7e25248-dd81-42c2-89e6-eaf0cc6b03fa,64247dd3-7ab4-4ec7-b880-a9728c1488f6,2022-06-08T08:43:12.333Z,2022-06-08T22:21:20.000Z,ikeapilot@gmail.com,Electric Mill,Electric Mill,,,,No,0,No,,0,0,No,,0
a14aab39-fae5-4438-8be1-b149c6e42a65,db51247e-669f-46e5-8c93-e416094bdeba,2022-06-07T11:04:10.006Z,2022-06-07T19:45:02.000Z,ikeapilot@gmail.com,Electric Mill,Electric Mill,,,,No,0,Yes,dngay teweqrual,0,0,Yes,le serategna,900
6a9b51ee-9cc0-4d06-a0d3-2f297f76c452,9dea9354-c27e-40dd-a74a-f4d679b95de8,2022-06-07T11:03:01.474Z,2022-06-07T19:42:45.000Z,ikeapilot@gmail.com,Electric Mill,Electric Mill,,,,No,0,Yes,dngay teweqrual,0,0,Yes,le serategna,900
94240bb1-7f38-4761-84c0-86037b5bbef5,6e349d8b-c667-4504-8519-af9551ce9a88,2022-06-06T09:01:36.685Z,2022-06-06T14:45:01.000Z,ikeapilot@gmail.com,Diesel Mill,Diesel Mill,3,90,38,No,0,No,,0,0,No,,0
fdc33201-72fe-41ad-ae09-5a1476709045,85b38a08-366e-488f-aa29-26ba2b0e203d,2022-06-03T13:28:11.240Z,2022-06-04T00:57:55.000Z,ikeapilot@gmail.com,Diesel Mill,Diesel Mill,1,28,40,No,0,No,,0,0,No,,0
e230900f-43ff-4bfd-ab10-10f1047b26ad,16047702-54a2-46ef-a1b7-adba3f6a0f26,2022-06-03T08:52:03.138Z,2022-06-04T03:37:19.000Z,ikeapilot@gmail.com,Diesel Mill,Diesel Mill,2,50,38,No,0,No,,0,0,Yes,Worker salary,500
2b5c29a1-0f48-470d-8110-5c5ab141b32a,dd04bb8a-49e8-4419-b91b-b3353a62ae2b,2022-06-03T07:34:21.732Z,2022-06-03T18:43:06.000Z,ikeapilot@gmail.com,Electric Mill,Electric Mill,,,,Yes,1590,Yes,dngay teweqrual,0,0,No,,0
f833eab5-961d-40e5-9d8a-add787538d09,b5331036-3cd0-4e9d-bb18-e8191fad18c1,2022-06-02T08:42:04.866Z,2022-06-02T17:25:46.000Z,ikeapilot@gmail.com,Diesel Mill,Diesel Mill,2,65,44,No,0,No,,0,0,No,,0
4e9e340a-5c32-43f9-bac0-b3daed40028c,c3941bf2-e298-4dbc-9da6-d6ebb7866acf,2022-06-01T09:02:26.518Z,2022-06-01T14:40:16.000Z,ikeapilot@gmail.com,Diesel Mill,Diesel Mill,1,20,40,No,0,No,,0,0,No,,0
5b25ab73-7d3f-480e-a42f-6577f5cec662,3c283f4d-6b81-448f-8a57-6c4cdc33d8a1,2022-06-01T08:32:32.962Z,2022-06-02T04:12:29.000Z,ikeapilot@gmail.com,Electric Mill,Electric Mill,,,,No,0,No,,0,0,No,,0
533ea370-fc50-47c7-80c6-6462f5aaa177,c37100ca-e20a-41b1-81f7-ef94ca673633,2022-06-01T07:18:49.221Z,2022-06-01T19:49:22.000Z,ikeapilot@gmail.com,Electric Mill,Electric Mill,,,,No,0,Yes,dngay teweqrual,0,0,Yes,le serategna,360
5af1b055-ce68-48ac-955b-d956854a2205,49dff912-41fc-406b-8bf0-b6049e49510c,2022-06-01T07:16:11.760Z,2022-06-01T19:47:34.000Z,ikeapilot@gmail.com,Electric Mill,Electric Mill,,,,No,0,No,,0,,Yes,le serategna,360
173bf2a5-4b7a-4528-91fa-e798e964e5f2,10d35de8-afde-44cd-a1ba-9a9cb21ed816,2022-05-31T12:26:38.091Z,2022-06-01T07:32:23.000Z,ikeapilot@gmail.com,Diesel Mill,Diesel Mill,1,28,45,No,0,No,,0,0,No,,0
3e5a3f87-95be-47be-b626-c614190df85a,f6752c82-da88-4a33-8203-cbc9378cc9ab,2022-05-30T07:25:51.517Z,2022-05-30T20:26:45.000Z,ikeapilot@gmail.com,Electric Mill,Electric Mill,,,,No,0,No,,0,0,Yes,le serategna,360
ca4faf3a-532d-4412-94f4-5c44e77f66c6,bddbd4c8-8e6f-4c3b-b096-af5c2120bf3a,2022-05-30T07:23:43.250Z,2022-05-30T20:24:30.000Z,ikeapilot@gmail.com,Electric Mill,Electric Mill,,,,Yes,1540,Yes,dngay teweqrual,0,0,Yes,le serategna,360
89fb3a28-2e2f-4b73-b14f-8fc8a896213b,40c8e912-5b37-49c7-a526-45d2b6d660dd,2022-05-29T08:25:16.585Z,2022-05-29T17:25:39.000Z,ikeapilot@gmail.com,Electric Mill,Electric Mill,,,,No,0,Yes,dngay teweqrual,0,0,No,,0
f882d1e3-6f1c-44bb-b57c-cfce727e7fe5,f75b81c9-2e75-4033-9e74-bfc72f59f2b0,2022-05-28T12:32:32.785Z,2022-05-28T23:14:46.000Z,ikeapilot@gmail.com,Diesel Mill,Diesel Mill,2,56,45,Yes,300,No,,0,0,Yes,Sallary,1500
61fb9d9c-ff81-4bb1-b336-69fabea311e1,1c80c11c-6e60-4655-a7bb-91fa101c138f,2022-05-28T08:12:11.137Z,2022-05-28T20:17:47.000Z,ikeapilot@gmail.com,Diesel Mill,Diesel Mill,4,80,40,No,0,Yes,"Qoati, tubo",0,8500,Yes,Transportation,200
0b483393-04dc-418a-9f46-ed120736a70e,230c0d13-7d67-436f-92d1-b0f7215a8d32,2022-05-27T10:16:18.911Z,2022-05-28T00:03:35.000Z,ikeapilot@gmail.com,Diesel Mill,Diesel Mill,1,30,40,No,0,No,,0,0,No,,0
915f74be-9a6b-4555-bea4-03da94a05f63,04fdb9fb-d8d0-4a91-a115-8e584376c330,2022-05-27T07:26:30.930Z,2022-05-27T19:50:59.000Z,ikeapilot@gmail.com,Electric Mill,Electric Mill,,,,No,0,No,,0,0,Yes,le serategna,360
f6cbe08c-e9b4-490e-a603-8d86f9f29041,3a46cdb3-da27-451f-9514-4fb1de59d621,2022-05-27T07:25:15.320Z,2022-05-27T19:50:52.000Z,ikeapilot@gmail.com,Electric Mill,Electric Mill,,,,No,0,No,,0,0,Yes,le serategna,360
c15220a6-c709-4158-a708-aabd26d3a5b1,23160534-030a-49a5-a4c7-0c73d36b62c9,2022-05-26T10:04:58.888Z,2022-05-26T19:02:30.000Z,ikeapilot@gmail.com,Diesel Mill,Diesel Mill,3,60,40,No,0,No,,0,0,Yes,Worker salary,500
56e53aa6-c03a-4f8f-a414-88540e46bc29,9c700fd8-b1c2-4ca7-bf36-e3be72ff5788,2022-05-26T09:47:20.609Z,2022-05-27T05:05:11.000Z,ikeapilot@gmail.com,Electric Mill,Electric Mill,,,,No,0,No,,0,0,No,,0
e863e84c-509d-4a60-8edf-62589a93b6ea,f708341c-dbad-4ae9-991d-a2a134403ced,2022-05-25T07:38:24.065Z,2022-05-25T18:29:27.000Z,ikeapilot@gmail.com,Electric Mill,Electric Mill,,,,No,0,No,,0,0,Yes,le serategna,900
e2923424-3a98-48cd-8895-71f33fa03ce8,5a46f97a-1dc2-4002-8cf3-a286430a8cac,2022-05-25T07:36:56.092Z,2022-05-25T18:27:29.000Z,ikeapilot@gmail.com,Electric Mill,Electric Mill,,,,No,0,Yes,dngay teweqrual,0,0,Yes,le serategna,900
0f9efc12-5762-4c47-9664-b49b5471837e,4a2ef1f1-154a-43ad-9277-082749501f89,2022-05-20T12:26:00.364Z,2022-05-20T14:34:17.000Z,ikeapilot@gmail.com,Diesel Mill,Diesel Mill,2,2,45,No,0,No,,0,0,No,,0
3cffafc3-6593-4a30-aba2-5704730e2bee,f2f42f69-2c22-4396-a5f7-c7ebbe49337f,2022-05-19T09:14:23.615Z,2022-05-19T15:36:07.000Z,ikeapilot@gmail.com,Diesel Mill,Diesel Mill,2,40,38,No,0,Yes,"Qoati,tubo",500,6550,Yes,"Worker salary, transportation",700
5494b521-da0a-42e2-9478-57b2fb1cc3e7,95c3cad2-cf34-4c6c-8752-b95c4ab3e9d1,2022-05-19T08:33:49.078Z,2022-05-20T04:43:46.000Z,ikeapilot@gmail.com,Diesel Mill,Diesel Mill,1,30,45,No,0,No,,0,0,No,,0
b25316fd-d4b4-4123-9b8b-bb7db63d3f08,b5a88fad-79d8-417b-8400-2b79d271fc71,2022-05-19T07:18:39.707Z,2022-05-19T19:59:00.000Z,ikeapilot@gmail.com,Electric Mill,Electric Mill,,,,No,0,Yes,kushneta,0,350,Yes,le serategna,360
f619840d-d135-492c-b1d5-04c66c67de2a,bdf9b5f9-4714-4887-8c1d-302c0107b235,2022-05-19T07:17:43.197Z,2022-05-19T19:56:45.000Z,ikeapilot@gmail.com,Electric Mill,Electric Mill,,,,No,0,Yes,kushneta,0,350,Yes,le serategna,360
21ad3679-990c-4a06-bb5b-99a7a574a00a,9cbb1053-1769-4992-b2dc-e2503fa6b629,2022-05-18T11:24:54.382Z,2022-05-19T00:06:39.000Z,ikeapilot@gmail.com,Diesel Mill,Diesel Mill,1,30,40,No,0,Yes,Bell bearing,300,2000,No,,0
b804c718-3e86-448b-9c73-ddc900f87579,a0b2f06c-182b-46cf-ae9d-2025246f8b9f,2022-05-18T08:17:58.133Z,2022-05-18T17:52:47.000Z,ikeapilot@gmail.com,Electric Mill,Electric Mill,,,,No,0,No,,0,0,No,,0
9e69ae64-13eb-44fb-8184-2064e0a2b985,8f7654ec-7d25-4184-86d3-bddb4535b35b,2022-05-18T07:38:40.192Z,2022-05-18T19:55:54.000Z,ikeapilot@gmail.com,Electric Mill,Electric Mill,,,,No,0,Yes,dngay teweqrual,0,0,No,,0
26cb8fe3-0cba-4bb7-9b2f-4cc68c4102b8,ac6d1bb3-59a9-4ddc-b7cc-ae36c83b3df4,2022-05-17T11:23:29.012Z,2022-05-17T18:50:28.000Z,ikeapilot@gmail.com,Diesel Mill,Diesel Mill,1,20,38,No,0,No,,0,0,No,,0
da490818-0fc0-4a03-a7fe-eaf2baf51fc2,ed61aa3a-6dc6-4989-ae9a-f06c940fa908,2022-05-17T07:43:18.509Z,2022-05-17T19:35:18.000Z,ikeapilot@gmail.com,Electric Mill,Electric Mill,,,,No,0,Yes,dngay teweqrual,0,0,Yes,le serategna,540
6eb03722-0bb6-4f96-9c53-2a9151406da4,93fa4be4-38d0-4134-be4c-77c3e43acf71,2022-05-17T07:40:44.190Z,2022-05-17T19:34:13.000Z,ikeapilot@gmail.com,Electric Mill,Electric Mill,,,,No,0,Yes,"kushneta,dngay teweqrual",0,350,Yes,le serategna,540
18b7af1d-9d6e-4391-96f8-b3ff68f1d45c,a3ea6785-ad25-4fdc-8066-eb39816e36ab,2022-05-13T09:04:30.033Z,2022-05-14T03:22:40.000Z,ikeapilot@gmail.com,Electric Mill,Electric Mill,,,,No,0,No,,0,0,No,,0
28dd45b4-ce43-4d8c-aa15-005d669bf26e,33c5c63a-fede-42d5-9050-b63e33f10f2e,2022-05-13T07:17:07.230Z,2022-05-13T18:05:39.000Z,ikeapilot@gmail.com,Electric Mill,Electric Mill,,,,No,0,Yes,kushneta,0,350,Yes,le serategna,720
0af5d032-7660-4785-8392-71bf0b973336,4642cf34-8acb-4d44-bd21-f3976f354bba,2022-05-13T07:15:46.203Z,2022-05-13T18:04:28.000Z,ikeapilot@gmail.com,Electric Mill,Electric Mill,,,,No,0,Yes,dngay teweqrual,0,0,Yes,le serategna,720
ec38f742-c03e-46da-956b-e740dc5e972a,3ffaf2f8-6631-4022-bf4d-57a28898dac2,2022-05-12T09:13:34.122Z,2022-05-12T20:33:45.000Z,ikeapilot@gmail.com,Diesel Mill,Diesel Mill,3,90,45,No,0,No,,0,0,Yes,Worker salary,500
a088d64a-0d6c-49e0-95e2-1a370cddb4e3,08662a29-3807-4fd9-a66e-86f31c96c1c7,2022-05-12T07:28:50.180Z,2022-05-12T18:25:42.000Z,ikeapilot@gmail.com,Electric Mill,Electric Mill,,,,No,0,No,,0,0,No,,0
41604455-def8-4412-b81c-e44140849c27,1344f8c1-8b45-48ee-ac18-1bf53e840a07,2022-05-09T08:08:14.763Z,2022-05-09T18:00:52.000Z,ikeapilot@gmail.com,Diesel Mill,Diesel Mill,3,60,45,No,0,No,,0,0,No,,0
58fdf009-2e82-4867-8f46-f23bb788f254,dd35324f-c358-4964-9f8a-a84711b728ca,2022-05-09T07:36:18.377Z,2022-05-10T08:15:03.000Z,ikeapilot@gmail.com,Electric Mill,Electric Mill,,,,No,0,Yes,dngay teweqrual,0,0,Yes,le serategna,540
1b8cad42-2209-4e36-bbc5-c3dbbfe68e2d,b2244d12-9e8b-49ac-82f5-60985b94f64a,2022-05-09T07:35:00.576Z,2022-05-10T08:17:07.000Z,ikeapilot@gmail.com,Electric Mill,Electric Mill,,,,No,0,Yes,dngay teweqrual,0,0,Yes,le serategna,540
b2a188e0-5511-4517-a376-362e320a0806,c8826f79-a03f-45a2-ac51-adae36d1cae8,2022-05-06T10:41:15.005Z,2022-05-06T22:51:22.000Z,ikeapilot@gmail.com,Diesel Mill,Diesel Mill,2,40,30,Yes,3000,Yes,Small chinga,2000,3000,Yes,Sallary,1500
1ad13060-da41-4a28-8742-0090ee2c6b32,9703b45e-5d70-4cf5-95f4-ac15a46998b2,2022-05-06T08:49:47.943Z,2022-05-06T15:26:26.000Z,ikeapilot@gmail.com,Diesel Mill,Diesel Mill,4,80,40,No,0,No,,0,0,Yes,Worker salary,500
f47d55a7-ce12-4cd7-99cd-661cbd1b49d6,0caa6f13-b0f7-49c8-a684-1f63b4578579,2022-05-06T07:52:23.540Z,2022-05-07T15:36:40.000Z,ikeapilot@gmail.com,Electric Mill,Electric Mill,,,,No,0,No,,0,0,No,,0
0d3a56d4-9241-4939-a3cb-7e11c96f56f6,02e48aa9-bd3c-4954-a8f6-c04663a2e475,2022-05-06T07:32:08.970Z,2022-05-06T21:04:33.000Z,ikeapilot@gmail.com,Electric Mill,Electric Mill,,,,Yes,1500,Yes,dngay teweqrual,0,0,No,,0
441f7e89-6ca4-4680-94c7-e3c0b2a7cc29,008ca477-81ca-4ec2-b8b7-583b50aa12f3,2022-05-05T07:40:39.658Z,2022-05-06T07:30:13.000Z,ikeapilot@gmail.com,Electric Mill,Electric Mill,,,,No,0,No,,0,0,Yes,le serategna,360
fdb65851-1a8f-41ab-ac9d-e3fd781278c3,43b4ed56-d4fb-45f9-8dae-9d928aed03fd,2022-05-05T07:39:23.845Z,2022-05-06T07:29:32.000Z,ikeapilot@gmail.com,Electric Mill,Electric Mill,,,,Yes,55,No,,0,0,Yes,le serategna,360
db78f90b-8327-49c1-9ccc-33aafe55866c,aca926d9-e9bc-4800-a69c-d976912d25c3,2022-05-04T13:10:53.365Z,2022-05-04T19:51:58.000Z,ikeapilot@gmail.com,Diesel Mill,Diesel Mill,2,28,40,Yes,200,No,0,0,0,Yes,Sallary,1500
8ba25735-5972-4d8b-bd29-618c6e705e2a,c9e03512-dd32-4462-941c-2cbc1efb29f5,2022-05-04T09:10:37.951Z,2022-05-05T11:18:27.000Z,ikeapilot@gmail.com,Diesel Mill,Diesel Mill,2,50,45,No,0,No,,0,0,No,,0
222201af-c400-4309-93a1-cb0d1dc81950,e349445f-23cd-437a-afa4-4218e4b49532,2022-05-03T07:27:38.588Z,2022-05-03T23:45:32.000Z,ikeapilot@gmail.com,Electric Mill,Electric Mill,,,,No,0,No,,0,0,Yes,le serategna,540
85a938b1-607d-41b3-8f13-a2bdc3177074,8a3cd184-9cab-41d8-a499-3c81dc936508,2022-05-03T07:26:35.935Z,2022-05-03T23:44:44.000Z,ikeapilot@gmail.com,Electric Mill,Electric Mill,,,,No,0,Yes,adiss dngay tegexmual,0,19000,Yes,le serategna,540
21236f5f-7fa2-475d-b31f-c2c479926c0b,16534f6c-1bd9-4f17-9ee9-f47295e7425a,2022-05-02T07:51:27.378Z,2022-05-03T01:47:16.000Z,ikeapilot@gmail.com,Electric Mill,Electric Mill,,,,No,0,Yes,"kushneta,dngay teweqrual",0,350,No,,0
9cc37054-d3da-46d8-a4b7-f1fc136bb34b,aea591f6-b125-4e37-bf48-94102b258244,2022-04-29T08:34:11.524Z,2022-04-29T18:02:19.000Z,ikeapilot@gmail.com,Diesel Mill,Diesel Mill,2,50,50,No,0,Yes,"Shemasi,qoati, Chinga",0,27000,No,,0
789142a5-092a-4367-ac6e-193c81639080,40f291a5-61a1-4dc1-9c5d-e800b6709544,2022-04-29T07:31:02.734Z,2022-04-29T20:43:29.000Z,ikeapilot@gmail.com,Electric Mill,Electric Mill,,,,No,0,Yes,dngay teweqrual,0,0,Yes,le serategna,360
09b33350-4307-417c-872d-993247da4195,944e5d77-e2be-455e-a90b-48750b419a8a,2022-04-29T07:29:55.358Z,2022-04-29T20:42:27.000Z,ikeapilot@gmail.com,Electric Mill,Electric Mill,,,,No,0,Yes,marsh teqeyrual,0,250,Yes,le serategna,360
4a369210-a601-4b0c-bae5-4e2b9faafa06,b31e282f-db59-4fdc-a3af-6de3de7b92c8,2022-04-27T08:17:14.952Z,2022-04-27T17:40:02.000Z,ikeapilot@gmail.com,Diesel Mill,Diesel Mill,2,80,55,No,0,No,,0,0,Yes,Worker salary,700
eb7c0e05-a0fc-4496-961c-f8bb8c12b81f,0e4c5082-2370-4592-a975-4fc5b3225aa6,2022-04-27T07:36:44.044Z,2022-04-27T21:06:50.000Z,ikeapilot@gmail.com,Electric Mill,Electric Mill,,,,No,0,Yes,dngay teweqrual,0,0,Yes,le serategna,540
b14a0b10-3068-427b-9e96-020a9a025d2a,693a2023-321b-4b9f-a7f8-d4c6189e5615,2022-04-27T07:35:07.933Z,2022-04-27T21:06:09.000Z,ikeapilot@gmail.com,Electric Mill,Electric Mill,,,,No,0,Yes,dngay teweqrual,0,0,Yes,le serategna,540
4459a684-e06e-4d75-8afd-747eea627799,93279d95-967b-4be0-be05-567eeb3704a1,2022-04-21T09:02:15.179Z,2022-04-21T22:29:13.000Z,ikeapilot@gmail.com,Diesel Mill,Diesel Mill,1,250,40,No,0,No,,0,0,No,,0
2338c094-3736-473f-8921-bf3a85524495,a9b40a6e-6a98-43bb-bdd7-58fdf27eee78,2022-04-21T07:10:08.711Z,2022-04-22T03:24:35.000Z,ikeapilot@gmail.com,Electric Mill,Electric Mill,,,,No,0,No,,0,0,Yes,le serategna,180
c615cd6a-2a06-4b98-9b95-1a1d07ef3159,9ace4114-33e0-4eb6-b29d-0b19ca9ce19a,2022-04-21T07:09:08.895Z,2022-04-22T03:28:23.000Z,ikeapilot@gmail.com,Electric Mill,Electric Mill,,,,No,0,No,,0,0,Yes,le serategna,180
ceb60bb4-3c22-48e6-8838-ff20784c8d63,c09e03d1-fa0b-42c6-b7d7-cdecf6f6bb86,2022-04-20T08:52:42.397Z,2022-04-20T18:31:49.000Z,ikeapilot@gmail.com,Diesel Mill,Diesel Mill,3,90,55,No,0,No,,0,0,Yes,Transportation,200
f1cf6ec3-8067-410d-a08e-321f455e818b,cb81b789-5a6a-4208-8f85-e1b39722f746,2022-04-20T07:05:48.450Z,2022-04-20T19:25:53.000Z,ikeapilot@gmail.com,Electric Mill,Electric Mill,,,,No,0,Yes,dngay teweqrual,0,0,Yes,le serategna,900
f8947f10-c5fc-4dfd-9011-2a3244dc8911,33320676-fec7-4dae-9209-e3a01d45eee7,2022-04-20T07:04:42.990Z,2022-04-20T19:19:01.000Z,ikeapilot@gmail.com,Electric Mill,Electric Mill,,,,Yes,50,Yes,dngay teweqrual,0,0,Yes,le serategna,900
ddc2e7ca-8515-4359-ac4a-b6a4bfc12ee1,e9f11258-534b-47a3-9c58-0f1cfffbee4b,2022-04-19T07:28:08.041Z,2022-04-20T03:29:33.000Z,ikeapilot@gmail.com,Electric Mill,Electric Mill,,,,No,0,No,,0,0,No,,0
e22233a1-13e5-4c69-b02f-a1e5b71bb551,db398200-c2be-47e9-b28d-ca4ba4562d9c,2022-04-19T07:23:28.423Z,2022-04-20T02:27:56.000Z,ikeapilot@gmail.com,Electric Mill,Electric Mill,,,,No,0,Yes,dngay teweqrual,0,0,No,,0
28c7e17f-e2eb-4f20-8376-ea69aa0f2ed3,c05b750b-291d-4b74-8aa0-46a7a9fbd723,2022-04-16T08:31:17.006Z,2022-04-16T18:09:03.000Z,ikeapilot@gmail.com,Diesel Mill,Diesel Mill,6,120,55,No,0,No,,0,0,Yes,Worker salary,900
e94bfb19-f4ef-43e0-8241-dfbe88d48ecb,6a089987-23d1-4c1f-8515-9dbe9420040e,2022-04-15T07:57:44.625Z,2022-04-15T18:35:40.000Z,ikeapilot@gmail.com,Electric Mill,Electric Mill,,,,No,0,Yes,Ball bearing,300,900,No,,0
711bf035-9ca1-4fdf-aa69-4137ab57eb59,824780b5-f297-43a3-b1be-cbc89744ce51,2022-04-14T07:52:02.093Z,2022-04-14T22:04:24.000Z,ikeapilot@gmail.com,Electric Mill,Electric Mill,,,,No,0,Yes,dngay teweqrual,0,0,Yes,le serategna,360
5bbaab60-24ea-4804-a496-a7f35ccc7e60,9d6bfb66-b6de-4c7e-a35e-938b51eba76f,2022-04-14T07:50:35.324Z,2022-04-14T22:03:10.000Z,ikeapilot@gmail.com,Electric Mill,Electric Mill,,,,No,0,Yes,"dngay teweqrual,kushneta",0,350,Yes,le serategna,360
c0c4c08d-8865-4b39-9000-c6ca4e559003,93a69160-762f-43da-beed-a1302e5632bd,2022-04-14T07:27:05.291Z,2022-04-14T15:08:12.000Z,ikeapilot@gmail.com,Diesel Mill,Diesel Mill,5,150,40,No,0,No,,0,0,Yes,Worker Salary,800
6834fc2a-3124-489c-95ef-6a6110afd014,0282c2a3-4339-4924-9940-ee20447dd3dc,2022-04-13T08:18:33.120Z,2022-04-13T16:14:34.000Z,ikeapilot@gmail.com,Diesel Mill,Diesel Mill,5,100,50,No,0,Yes,Chinga,0,3000,Yes,Transportation,200
6725c758-3726-4dfb-9935-740916c5ab98,8232865a-7aad-4187-9ae0-b50e57e4e789,2022-04-13T07:42:19.320Z,2022-04-14T07:47:23.000Z,ikeapilot@gmail.com,Electric Mill,Electric Mill,,,,No,0,Yes,"marsh teqeyrual,dngay teweqrual",0,600,No,,0
2aa26016-5e4d-4a9d-b4e9-b3cb32b16056,ae65c19f-b2b0-4ed4-8889-7783b180baf3,2022-04-12T07:43:42.237Z,2022-04-12T23:05:20.000Z,ikeapilot@gmail.com,Electric Mill,Electric Mill,,,,No,0,Yes,adiss dngay tegexmual,0,1600,Yes,le serategna,540
33d5325a-45ac-48a7-8b5e-2c11429a310a,b02c541f-3101-4e89-a8aa-b3c7476e311b,2022-04-12T07:41:37.180Z,2022-04-12T23:03:41.000Z,ikeapilot@gmail.com,Electric Mill,Electric Mill,,,,No,0,Yes,dngay teweqrual,0,0,Yes,le serategna,540
ef7234ca-590a-4eef-90ea-4c7dc1237236,09fccb33-57bf-42a8-8c58-15f89479a944,2022-04-08T08:13:20.035Z,2022-04-08T19:02:30.000Z,ikeapilot@gmail.com,Electric Mill,Electric Mill,,,,No,0,Yes,dngay teweqrual,0,0,Yes,le serategna,360
9d02957e-3a3e-446c-a247-3096899d4f06,cdffcb53-b9a4-4e17-89cb-ae44359798cb,2022-04-08T08:11:50.265Z,2022-04-08T19:01:12.000Z,ikeapilot@gmail.com,Electric Mill,Electric Mill,,,,No,0,Yes,dngay teweqrual,0,0,Yes,le serategna,360
78198567-3f36-4659-b76d-67049c95556e,b14f71ed-82d9-4a42-a70c-99b34628de15,2022-04-08T08:00:20.191Z,2022-04-09T02:47:51.000Z,ikeapilot@gmail.com,Diesel Mill,Diesel Mill,1,30,38,No,0,No,,0,0,Yes,Worker Salary,700
7f0bf5a5-4363-4b07-8294-4adb5f6b8486,6b3beba1-7224-47e1-9256-12058ff32777,2022-04-07T07:34:41.373Z,2022-04-08T08:06:33.000Z,ikeapilot@gmail.com,Electric Mill,Electric Mill,,,,No,0,Yes,dngay teweqrual,0,0,No,,0
e725af6b-0b72-422f-b4de-42acda6b58aa,0a029741-84df-486f-9136-a159de54d614,2022-04-06T07:39:28.631Z,2022-04-06T20:24:15.000Z,ikeapilot@gmail.com,Electric Mill,Electric Mill,,,,No,0,No,,0,0,Yes,le serategna,1260
b93e7d8a-ff42-4a7e-a25c-439cc084ed8a,2107ee9e-469f-4a04-ad73-548010ae7be8,2022-04-06T07:36:58.340Z,2022-04-06T20:23:19.000Z,ikeapilot@gmail.com,Electric Mill,Electric Mill,,,,Yes,1398,Yes,"dngay tewqrual,kofen teqeyrual",0,1000,Yes,le serategna,1260
79227d2e-de30-497b-a594-d61a6e6d3401,4a6a4a52-8799-44e6-8064-49dcacace6c2,2022-04-01T07:40:43.601Z,2022-04-01T20:24:41.000Z,ikeapilot@gmail.com,Electric Mill,Electric Mill,,,,No,0,Yes,adiss dngay texmual,0,16200,Yes,transport,400
1b2f6c7f-d9b1-4770-9104-69177a921575,00ccf792-f489-4cc5-b0ff-8ee2bd2406c2,2022-03-31T08:53:23.543Z,2022-03-31T15:14:26.000Z,ikeapilot@gmail.com,Diesel Mill,Diesel Mill,3,60,50,No,0,Yes,Chinga,200,2500,Yes,"Transportation,worker salary",900
28bda9ca-30dc-44fe-8c28-b847ef5007a3,abf0a5b8-03bd-4bfd-84ae-5f97be384944,2022-03-31T08:24:35.515Z,2022-04-01T02:22:26.000Z,ikeapilot@gmail.com,Diesel Mill,Diesel Mill,1,25,38,No,0,No,,0,0,Yes,Worker Salary,700
bc30f5aa-c46a-4eec-9525-0a4d57e0f252,80e79df1-a9bb-41d4-a27a-62b7e18195d5,2022-03-30T11:41:43.180Z,2022-03-30T12:46:43.000Z,ikeapilot@gmail.com,Diesel Mill,Diesel Mill,1,28,32,No,0,No,,0,0,No,,0
27dee97b-90cb-4332-b16e-9d32b5db0255,c57568cf-d484-4a36-bff0-c3c383d3908b,2022-03-30T08:27:10.171Z,2022-03-30T17:23:54.000Z,ikeapilot@gmail.com,Diesel Mill,Diesel Mill,3,90,55,No,0,No,,0,0,No,,0
81d3e0f1-ed6a-44ce-9af0-bf84decfe801,c7363a85-7d53-4a7d-8f9a-dcf934f97d2b,2022-03-29T08:34:26.069Z,2022-03-30T00:59:35.000Z,ikeapilot@gmail.com,Electric Mill,Electric Mill,,,,No,0,Yes,Ball bearing,200,900,No,,0
d25c11df-2507-4e98-8cad-cd8982f38338,02261c85-8450-4e1b-b090-d70d61c5f453,2022-03-29T07:40:10.669Z,2022-03-29T19:47:13.000Z,ikeapilot@gmail.com,Electric Mill,Electric Mill,,,,No,0,Yes,marsh,0,350,Yes,le serategna,170
97846b54-d696-4b0c-8e3c-751c04eccaa0,c78f7786-bf10-4d93-a422-666913ef21d9,2022-03-29T07:38:29.000Z,2022-03-29T19:46:03.000Z,ikeapilot@gmail.com,Electric Mill,Electric Mill,,,,No,0,No,,0,0,Yes,le serategna,170
7824ad7b-b0d1-4aca-9283-004070bb72bb,de015c12-f984-47d6-aa91-962ad6b12cb5,2022-03-28T11:50:29.945Z,2022-03-30T11:31:45.000Z,ikeapilot@gmail.com,Diesel Mill,Diesel Mill,1,32,32,No,0,No,,0,0,No,,0
6bfdd107-1a1d-414c-86ba-7b7e514d711c,37d2104a-e98f-4f1c-9be0-e919a015254f,2022-03-28T07:43:05.620Z,2022-03-28T18:30:58.000Z,ikeapilot@gmail.com,Electric Mill,Electric Mill,,,,No,0,No,,0,0,Yes,le serategna,340
61a39ea7-f269-4d33-aa7e-d7d5cfc785a1,97280346-dcf0-4451-b319-b120ef80f348,2022-03-28T07:41:16.888Z,2022-03-28T18:15:16.000Z,ikeapilot@gmail.com,Electric Mill,Electric Mill,,,,No,0,Yes,"shimas yetebeleaw temoltual,yewancha kushneta",0,740,Yes,le serategna,340
1631393a-1831-4178-8dfe-5d148677a905,8a9a9fa7-0deb-4046-8c19-d6a304829b91,2022-03-25T10:25:38.862Z,2022-03-25T12:39:52.000Z,ikeapilot@gmail.com,Diesel Mill,Diesel Mill,5,150,32,Yes,575,No,,0,0,No,,0
1ca3ae93-0bf2-477b-b603-23ee36890085,ff6d19c8-b789-4c29-9255-2f4c37bbf448,2022-03-25T08:34:50.333Z,2022-03-25T19:36:05.000Z,ikeapilot@gmail.com,Diesel Mill,Diesel Mill,3,90,50,No,0,Yes,"Chinga, shemasi",250,7500,Yes,Worker salary,700
6a1a316a-3dc5-4eb6-a336-55950a078995,5c880dd2-12a9-469a-a935-39154aa8efe3,2022-03-25T08:34:04.823Z,2022-03-26T02:05:44.000Z,ikeapilot@gmail.com,Electric Mill,Electric Mill,,,,No,0,No,,0,0,No,,0
83486496-da29-4278-96ef-9527a6716464,03dd2f9b-04ff-4955-b2bd-a1b02b13a2ca,2022-03-25T07:34:27.252Z,2022-03-25T17:17:18.000Z,ikeapilot@gmail.com,Electric Mill,Electric Mill,,,,No,0,No,,0,0,Yes,le serategna,170
a5a4a076-c1ee-47ce-9c70-1db4cd7706a4,0b3e0ee7-dd98-4b8c-8dd8-fd20ccaba5e8,2022-03-25T07:33:06.521Z,2022-03-25T17:17:10.000Z,ikeapilot@gmail.com,Electric Mill,Electric Mill,,,,No,0,Yes,,0,0,Yes,le serategna,170
06aa35fb-d6fa-4ca1-bcf9-c88adab20020,778c3233-d67c-49d3-a360-bcaa9e7dc340,2022-03-24T08:44:58.893Z,2022-03-25T02:09:25.000Z,ikeapilot@gmail.com,Diesel Mill,Diesel Mill,2,45,38,No,0,No,,0,0,No,,0
ee190f93-157b-411b-97f1-974d49d40847,573a6ace-bcd1-45aa-9ecc-061c05c44eca,2022-03-24T07:32:38.740Z,2022-03-24T20:46:29.000Z,ikeapilot@gmail.com,Electric Mill,Electric Mill,,,,No,0,Yes,dngay teweqrual,0,0,Yes,le serategna,850
38d4f017-4f09-4161-9955-3c751227054a,b6cd1303-48cb-47ac-bdb5-6f9cdf098fb6,2022-03-24T07:31:26.518Z,2022-03-24T20:44:24.000Z,ikeapilot@gmail.com,Electric Mill,Electric Mill,,,,No,0,Yes,"dngay tegezto tegexmual,2 kushneta",0,16280,Yes,le serategna,850
04d9d2ad-79aa-4719-9693-9613ab991c44,404ea207-2392-476b-a9ae-c4d18587cba6,2022-03-21T08:16:40.857Z,2022-03-22T03:58:57.000Z,ikeapilot@gmail.com,Diesel Mill,Diesel Mill,2,100,50,No,0,Yes,"Dinamo,shemasi",0,3500,Yes,Transportation,300
38add493-16f4-45cd-8b3b-39a12e010321,76e65f33-1c7e-4260-8735-6433b66ff87a,2022-03-21T07:42:21.236Z,2022-03-22T10:10:42.000Z,ikeapilot@gmail.com,Electric Mill,Electric Mill,,,,No,0,Yes,"ye wusx kushneta teqeyrual,shimas teqeyrual,dngay teweqrual",0,3350,No,,0
10d9e161-61b0-41e1-ab6a-0fe787c0ed79,f0a1f78e-6f06-4d56-b365-d47e01ce3621,2022-03-18T11:12:31.499Z,2022-03-18T12:36:40.000Z,ikeapilot@gmail.com,Diesel Mill,Diesel Mill,1,30,40,No,0,No,,0,0,No,,0
a8fb6330-622f-4fff-b6f2-7a2446509ab8,1b98e974-8e46-4cc2-b583-64e1ff1b8313,2022-03-18T09:09:04.229Z,2022-03-18T15:48:24.000Z,ikeapilot@gmail.com,Diesel Mill,Diesel Mill,2,100,50,No,0,No,,0,0,Yes,Worker salary transportation,950
e2c6c8c9-39ff-4d65-9fe7-c16ca4ace115,d25057d5-f39b-4943-a243-5240b69c16d6,2022-03-17T13:11:02.797Z,2022-03-18T10:16:34.000Z,ikeapilot@gmail.com,Diesel Mill,Diesel Mill,1,28,45,No,0,No,,0,0,No,,0
179db501-6626-4d45-9ebf-75bafaac2414,5307b023-e38a-4d2c-8428-94d6f664017d,2022-03-17T09:12:06.571Z,2022-03-17T14:41:06.000Z,ikeapilot@gmail.com,Diesel Mill,Diesel Mill,1,30,38,No,0,No,,0,0,No,,0
9c9d9e08-bc0e-4f69-8693-1a07a72d9945,cfb2d48d-f813-4fb3-ab74-0cf8a931529f,2022-03-17T07:12:22.360Z,2022-03-17T19:45:25.000Z,ikeapilot@gmail.com,Electric Mill,Electric Mill,,,,No,0,Yes,dngay teweqrual,0,0,Yes,le serategna,340
995fb9bb-bd55-4331-8aa5-8231c9709ef0,7f4b1141-f4b0-4205-8e12-584bc88647a2,2022-03-17T07:10:52.340Z,2022-03-17T19:44:58.000Z,ikeapilot@gmail.com,Electric Mill,Electric Mill,,,,No,0,Yes,kushneta,0,350,Yes,le serategna,340
8e2823b8-9ef9-4259-936d-e47b54b127aa,b56ec10e-7dd1-41cf-9d6c-3633d23ff7c6,2022-03-16T09:14:09.479Z,2022-03-16T18:09:43.000Z,ikeapilot@gmail.com,Diesel Mill,Diesel Mill,5,125,37,No,0,No,,0,0,Yes,Transportation,200
0e1a0e7f-eba0-4584-944a-f1de35ef8a31,d4c559ec-33f0-4cd0-9ee7-18c171adc05a,2022-03-16T07:37:00.644Z,2022-03-16T17:33:17.000Z,ikeapilot@gmail.com,Electric Mill,Electric Mill,,,,No,0,Yes,dngay teweqrual,0,0,No,,0
e3f767d2-a560-4dfa-96f8-4e7f8212ef58,efdf0854-9019-437a-9ad6-a43b2efc7f2b,2022-03-15T07:44:56.353Z,2022-03-15T16:55:19.000Z,ikeapilot@gmail.com,Electric Mill,Electric Mill,,,,No,0,Yes,dngay teweqrual,0,0,Yes,le serategna,510
29316fcf-6ce2-4865-920b-a1260f5a008c,fa845267-326f-4027-8d63-34251da33717,2022-03-15T07:43:31.919Z,2022-03-15T16:53:05.000Z,ikeapilot@gmail.com,Electric Mill,Electric Mill,,,,No,0,Yes,dngay teweqrual,0,0,Yes,le serategna,510
93728b0f-b56d-49cb-82d6-e13d74415820,fdf3cf71-59a9-48ec-95ce-d2cd58eaa554,2022-03-11T12:39:36.959Z,2022-03-11T14:22:15.000Z,ikeapilot@gmail.com,Diesel Mill,Diesel Mill,2,56,32,No,0,Yes,Small chinga,100,450,No,,0
6d5e31a7-4c45-4475-b05b-3e182bebdc39,17dee7fe-ab48-468a-828c-6943460914bd,2022-03-11T08:25:47.296Z,2022-03-11T13:41:58.000Z,ikeapilot@gmail.com,Electric Mill,Electric Mill,,,,No,0,No,,0,0,No,,0
6ad71e36-f23b-4277-bef9-dac07851e97f,9a1b8fad-76b8-4b4c-9241-fab25c0f8700,2022-03-11T07:52:40.928Z,2022-03-11T19:54:45.000Z,ikeapilot@gmail.com,Electric Mill,Electric Mill,,,,No,0,No,,0,0,Yes,le serategna,340
513f9521-b764-4c0d-908d-620a26140bd9,7fb78b88-9a87-4cf0-9bb4-53a0003e4344,2022-03-11T07:51:15.831Z,2022-03-11T19:52:38.000Z,ikeapilot@gmail.com,Electric Mill,Electric Mill,,,,No,0,No,,0,0,Yes,le serategna,340
3a7ae411-4711-40f5-a486-8e3283cb9c3e,0bf3815c-b398-475b-90bb-e3df98907438,2022-03-10T12:33:42.303Z,2022-03-10T14:18:08.000Z,ikeapilot@gmail.com,Diesel Mill,Diesel Mill,1,28,40,No,0,No,,0,0,No,,0
1c34daac-75ad-4f74-a31c-14930c2e277b,4a4b5323-09fe-4c4b-ba70-dc512cb154c9,2022-03-10T08:19:16.208Z,2022-03-10T13:33:08.000Z,ikeapilot@gmail.com,Diesel Mill,Diesel Mill,1,45,38,No,0,No,,0,0,Yes,Worker Salary,800
c47b4f27-b89d-4a76-a31d-66636dec08d4,4eb54e01-4969-4a9d-b7ae-a7acbb3fcb0d,2022-03-10T07:41:24.932Z,2022-03-10T18:47:15.000Z,ikeapilot@gmail.com,Electric Mill,Electric Mill,,,,No,0,Yes,kibu bret teqeyrual(wheel),0,0,No,,0
7e786101-5d5f-40b0-9114-e343651470df,b1edb05a-e693-4358-bd9d-7edae3d19a38,2022-03-09T08:36:41.339Z,2022-03-09T17:45:11.000Z,ikeapilot@gmail.com,Diesel Mill,Diesel Mill,4,160,39,No,0,Yes,"Dinamo, chinga",1000,5500,Yes,"Worker salary, transportation",900
89e524c2-50f3-4494-b972-eeaf644750c8,b11c0df2-7454-4133-a22e-0839ca53a8f8,2022-03-09T07:39:26.260Z,2022-03-09T16:57:03.000Z,ikeapilot@gmail.com,Electric Mill,Electric Mill,,,,No,0,Yes,dngay teweqrual,0,0,Yes,le serategna,200
6510c41d-ce03-4d59-a708-be41beeb74b7,1f84a98a-093b-421b-b7b1-76b6583d2cdf,2022-03-09T07:36:56.820Z,2022-03-09T16:55:43.000Z,ikeapilot@gmail.com,Electric Mill,Electric Mill,,,,No,0,No,,0,0,Yes,le serategna,200
05f7c448-e5e7-427f-8bf5-5b200ad8a762,2ccb1725-9431-4507-bb3d-cf32bc86d4c6,2022-03-07T07:39:32.824Z,2022-03-07T20:43:27.000Z,ikeapilot@gmail.com,Electric Mill,Electric Mill,,,,No,0,Yes,kushneta,0,350,Yes,le serategna,400
4a1706e0-7e40-48a4-b52b-f21344299eef,ede5166f-15ab-4d27-b62c-20baa97e182f,2022-03-07T07:37:37.855Z,2022-03-07T20:42:35.000Z,ikeapilot@gmail.com,Electric Mill,Electric Mill,,,,No,0,Yes,"kushneta,dngay teweqrual",0,350,Yes,le serategna,400
18824a97-6184-43f7-9ce6-0ede9a651c62,2812aaee-02cb-47be-bf08-fb95d5bdf9a2,2022-03-04T13:04:28.446Z,2022-03-04T15:43:47.000Z,ikeapilot@gmail.com,Diesel Mill,Diesel Mill,3,90,37,No,0,No,,0,0,Yes,"Transportation, worker salary",900
66f53a79-1ffd-4175-a13e-d8dad666dee9,31b424a1-23ba-41fd-8879-ac7d91473541,2022-03-04T12:50:53.743Z,2022-03-04T14:03:52.000Z,ikeapilot@gmail.com,Diesel Mill,Diesel Mill,1,28,40,Yes,150,No,,0,0,No,,0
f78f9524-e693-412f-a3fd-e7774815fc99,ae13f54e-e483-43b1-a540-1912aea95af3,2022-03-04T07:23:53.101Z,2022-03-04T15:20:51.000Z,ikeapilot@gmail.com,Electric Mill,Electric Mill,,,,Yes,3116,No,,0,0,No,,0
1b387567-9803-45f6-8742-28c424dfce33,7ca462d8-8fe5-4874-baff-ec5dc54f3186,2022-03-03T08:45:24.494Z,2022-03-04T03:18:44.000Z,ikeapilot@gmail.com,Diesel Mill,Diesel Mill,1,30,38,No,0,No,,0,0,Yes,Worker salary,800
38302221-a53e-418e-872f-2f94bc3d199c,9d14a069-99ea-4728-9db9-ee39ed059feb,2022-03-01T08:49:47.216Z,2022-03-01T16:27:26.000Z,ikeapilot@gmail.com,Diesel Mill,Diesel Mill,3,90,37,No,0,No,,0,0,No,,0
1f1b33ca-e2ae-4ce7-a8f5-753463bc200d,3e735e29-318f-4f28-aeef-a1f13198f812,2022-03-01T08:36:12.800Z,2022-03-01T14:36:35.000Z,ikeapilot@gmail.com,Electric Mill,Electric Mill,,,,No,0,No,,0,0,No,,0
13ff6a9e-1a70-4094-aa90-ec08c6959c2c,d4270326-9827-40c2-a79b-2bf3b8d679af,2022-03-01T07:32:42.664Z,2022-03-01T21:42:46.000Z,ikeapilot@gmail.com,Electric Mill,Electric Mill,,,,No,0,No,,0,0,Yes,le serategna,200
be7008f1-7632-4d46-903c-38dbd3eb92af,268a7093-de2e-4809-b84b-fc2c79120a65,2022-03-01T07:28:47.501Z,2022-03-01T21:40:40.000Z,ikeapilot@gmail.com,Electric Mill,Electric Mill,,,,No,0,No,,0,0,Yes,le serategna,200
05851417-2615-4c18-ad0a-83e24fac3392,824e5800-3c58-4f0c-bf96-1cfa260b9a6d,2022-02-28T14:21:14.395Z,2022-02-28T15:26:25.000Z,ikeapilot@gmail.com,Diesel Mill,Diesel Mill,2,60,35,Yes,1500,Yes,No,0,0,Yes,No,0
a0b3a387-aa1f-4c2b-8f59-fbfe9a996678,49e8deed-447f-406c-82c5-a32ed34e8257,2022-02-25T07:45:33.008Z,2022-02-25T17:09:12.000Z,ikeapilot@gmail.com,Electric Mill,Electric Mill,,,,No,0,Yes,kibu bret(mishkerekerew)tesebro neber tebeydual,0,0,Yes,"le serategna,masbeyeja",500
d45ecb67-286a-42e3-8ee5-1d5e489a5b69,59528bfd-85f8-432c-a5e9-5ea942afcc90,2022-02-25T07:42:57.714Z,2022-02-25T17:06:19.000Z,ikeapilot@gmail.com,Electric Mill,Electric Mill,,,,No,0,Yes,2 kushneta,0,700,Yes,le serategna,400
2816c2c6-54c5-44bb-911b-d631719c1e4b,d3df853e-a93a-4e35-a646-0fb707e9a897,2022-02-24T08:12:10.549Z,2022-02-24T19:18:57.000Z,ikeapilot@gmail.com,Diesel Mill,Diesel Mill,1,30,38,No,0,No,,0,0,No,,0
2e9e9b31-ed46-4aa3-8c5a-2d3c102499fc,12a261e9-622b-4a7a-992c-f5843425e315,2022-02-23T11:51:10.749Z,2022-02-24T01:23:17.000Z,ikeapilot@gmail.com,Diesel Mill,Diesel Mill,1,28,40,No,0,No,0,0,0,No,0,0
2db3abcf-36e0-41c1-99f8-7ed9ebada148,b4e61c82-8c74-4085-8aa6-415dc17898f6,2022-02-23T09:18:55.467Z,2022-02-23T16:26:46.000Z,ikeapilot@gmail.com,Diesel Mill,Diesel Mill,4,120,37,No,0,No,,0,0,No,,0
3a3b2bac-8fc2-4319-9ed0-a53de40862ff,e92e1122-3918-4569-a3b0-fdcac0d6db88,2022-02-22T13:30:15.432Z,2022-02-23T06:16:19.000Z,ikeapilot@gmail.com,Diesel Mill,Diesel Mill,5,150,32,No,0,No,0,0,0,Yes,Sallary,1500
ce665c60-3279-4d1c-8554-b1039518c0eb,459c0d35-62d6-497f-ad69-706b352274f4,2022-02-22T07:38:43.321Z,2022-02-22T17:23:23.000Z,ikeapilot@gmail.com,Electric Mill,Electric Mill,,,,No,0,No,,0,0,No,,0
160d4c75-d740-413a-a216-41dbb53d8837,f265ebc0-c331-4a84-a1d5-e1ee5510d0f5,2022-02-21T08:57:15.308Z,2022-02-21T15:36:05.000Z,ikeapilot@gmail.com,Diesel Mill,Diesel Mill,3,90,37,No,0,Yes,"Moter, chinga",700,7500,Yes,"Worker salary, transportation",900
5462c087-969e-4b29-846e-b0719ab84d99,78db0ab8-9cd4-4a0c-801e-58bc06f82a2b,2022-02-21T08:38:38.234Z,2022-02-21T13:29:16.000Z,ikeapilot@gmail.com,Electric Mill,Electric Mill,,,,No,0,No,,0,0,No,,0
473e4480-7b78-4a6d-86b2-1f1f48c533bb,1d761219-168f-45f3-94a0-20b0501b6eff,2022-02-21T07:39:28.019Z,2022-02-21T20:45:59.000Z,ikeapilot@gmail.com,Electric Mill,Electric Mill,,,,Yes,54,Yes,"dngay,kushneta tegeztual",0,16350,Yes,le serategna,100
3b1f47d6-12c9-4a10-bcb8-0e6154eb10ae,09d4ca6a-6a5d-48d1-b1ca-c43e1cad854f,2022-02-21T07:39:01.865Z,2022-02-21T20:44:26.000Z,ikeapilot@gmail.com,Electric Mill,Electric Mill,,,,No,0,Yes,kushneta,0,350,Yes,le serategna,100
9c2b8a8e-f670-43cb-8481-68566abdadbf,20ebe813-5c6c-4bae-a6c8-1b743d11ac44,2022-02-17T12:14:09.637Z,2022-02-18T09:34:59.000Z,ikeapilot@gmail.com,Diesel Mill,Diesel Mill,2,56,46,No,0,Yes,Stone part,500,2000,Yes,Sallary,1500
dca37761-e368-49fa-a7e6-d318362dba78,52097188-71ac-40d8-89e5-c57938a7a21c,2022-02-15T09:19:27.108Z,2022-02-15T17:03:41.000Z,ikeapilot@gmail.com,Diesel Mill,Diesel Mill,6,180,35,No,0,No,,0,0,Yes,Transportation,250
0190d48a-d0b0-47e4-b79b-1c7d6578f406,dca8a521-4d4f-41d0-af52-2fe271dd7abf,2022-02-14T12:25:16.768Z,2022-02-14T20:40:31.000Z,ikeapilot@gmail.com,Diesel Mill,Diesel Mill,4,104,32,No,0,Yes,Stone part,300,2000,Yes,Sallary,3000
d28d6674-df4a-44f6-b24c-2dd8dc8c947e,ae7f99cb-b868-48a8-92dd-1aee24db0910,2022-02-11T11:38:32.320Z,2022-02-11T21:04:13.000Z,ikeapilot@gmail.com,Electric Mill,Electric Mill,,,,Yes,2700,No,,0,0,No,,0
24e16600-8bee-4aa8-939e-602b6aedde1b,3c2628e9-1c36-451c-a9e6-3d831b6db110,2022-02-10T12:58:13.005Z,2022-02-10T18:53:55.000Z,ikeapilot@gmail.com,Diesel Mill,Diesel Mill,3,90,40,No,0,Yes,"Shemasi,moter, dinamo",0,25000,Yes,"Worker salary, transportation",900
abf134ca-4cba-4033-923a-1b0ac260e967,a0e9053c-ecdc-4014-9d33-6eddb0400b0f,2022-02-09T09:49:38.358Z,2022-02-09T13:24:18.000Z,ikeapilot@gmail.com,Electric Mill,Electric Mill,,,,No,0,No,,0,0,No,,0
a1aca84f-6939-49da-8570-a794eac073ba,437107a8-787c-4d33-9334-1ccd68cdc3c3,2022-02-07T09:27:04.893Z,2022-02-07T11:39:37.000Z,ikeapilot@gmail.com,Diesel Mill,Diesel Mill,1,58,32.5,No,0,No,0,0,0,No,0,0
e2c9282e-78f0-4f50-8680-b235b4dc3ea3,d537b294-b273-4d37-9de4-7adf3f148db0,2022-02-07T08:41:30.079Z,2022-02-07T20:34:51.000Z,ikeapilot@gmail.com,Diesel Mill,Diesel Mill,6,120,35,No,0,Yes,Dinamo,0,1500,No,,0
b0aa4f4d-6726-4b08-8dec-bc4836139f6d,bffc7004-280e-4fa7-b8a6-2c97e7e0d5f6,2022-02-04T08:49:34.576Z,2022-02-04T16:25:09.000Z,ikeapilot@gmail.com,Diesel Mill,Diesel Mill,3,90,35,No,0,No,,0,0,No,,0
4ade4a98-ad07-4919-aadb-b8af118a70e7,38551c6e-3915-49f7-972e-357de99bc064,2022-02-03T08:44:05.499Z,2022-02-04T00:47:45.000Z,ikeapilot@gmail.com,Diesel Mill,Diesel Mill,1,30,37,No,0,No,0,0,0,Yes,Worker Salary,700
35d14897-f62b-40f4-878f-c4d8f87cd8fe,e5e79df6-45af-48d2-b3f9-784dcccba458,2022-02-02T13:21:37.020Z,2022-02-07T08:02:20.000Z,ikeapilot@gmail.com,Diesel Mill,Diesel Mill,1,28,50,Yes,150,Yes,Stone part,2000,0,No,0,0
8875d287-5a32-4795-a2bd-8508cf1e94e9,a1e74630-4e0e-4a68-9feb-5cd65a623ba2,2022-02-02T07:57:23.681Z,2022-02-02T21:53:59.000Z,ikeapilot@gmail.com,Electric Mill,Electric Mill,,,,No,0,Yes,kofen,0,800,No,,0
bd1f5230-e918-4d2d-ab0b-cd6f934750ea,d7d99655-231d-4ae1-904e-1a5362e0087c,2022-02-01T10:22:55.536Z,2022-02-01T16:31:38.000Z,ikeapilot@gmail.com,Diesel Mill,Diesel Mill,3,60,35,No,0,No,,0,0,Yes,Transportation,200
d4db4540-39d9-41e9-b30e-b6321855284e,7b0c101d-f0b4-4bf6-a5da-4c3bcd3c2c40,2022-02-01T09:25:26.603Z,2022-02-01T14:00:41.000Z,ikeapilot@gmail.com,Electric Mill,Electric Mill,,,,No,0,No,,0,0,No,,0
502e45d7-3e82-4150-94f6-b41a7f1f42aa,5cbe026b-c8d0-48f7-b4f1-03d223eb5526,2022-01-31T09:55:39.366Z,2022-01-31T11:50:51.000Z,ikeapilot@gmail.com,Diesel Mill,Diesel Mill,4,108,29.37,No,0,Yes,Moter part,200,500,No,0,0
69abfcce-52ab-4efd-8d46-8a80246a4f43,17cd2f24-2c07-47c7-a3ef-346a02a7b249,2022-01-28T08:42:45.096Z,2022-01-28T12:01:24.000Z,ikeapilot@gmail.com,Diesel Mill,Diesel Mill,1,30,37,No,0,No,,0,0,Yes,Worker Salary,700
e00c8cb0-b15f-48b6-a5e2-35bbd53c887a,43d50913-e6fa-4c23-941a-62517da0f704,2022-01-26T09:23:16.860Z,2022-01-27T00:33:34.000Z,ikeapilot@gmail.com,Diesel Mill,Diesel Mill,1,20,35,No,0,No,,0,0,No,,0
ab2c21e2-6a2f-40b3-b6c9-b4773ce59741,c78d643e-d778-4e4c-8046-0bfc85dd0044,2022-01-25T09:50:37.726Z,2022-01-26T13:19:56.000Z,ikeapilot@gmail.com,Electric Mill,Electric Mill,,,,No,0,Yes,Belt(chenga),100,900,No,0,0
24884663-24be-4220-9daa-69d468648d23,6faa86a6-67c3-43e9-a6ef-5435055247d3,2022-01-25T09:08:56.599Z,2022-01-25T16:09:14.000Z,ikeapilot@gmail.com,Diesel Mill,Diesel Mill,5,150,35,No,0,No,,0,0,Yes,"Worker salary, transportation",950
f6e40719-91dc-42f1-b4cc-b8f7d6996556,daa9c2f8-d494-4d19-a6ad-dac91051d4a0,2022-01-24T08:41:11.766Z,2022-01-24T20:40:20.000Z,ikeapilot@gmail.com,Diesel Mill,Diesel Mill,8,160,35,No,0,Yes,"Dinamo, chinga",0,7000,Yes,Transportation,200
c60e5d3b-ef64-4321-994f-4370dbc55b9f,2a74e137-ae32-4b1c-9247-a22325acbcb4,2022-01-24T08:09:39.423Z,2022-01-24T17:11:12.000Z,ikeapilot@gmail.com,Electric Mill,Electric Mill,,,,No,0,Yes,dngay teweqrual,0,0,No,,0
613b3288-6070-4cf3-8894-3233c01ccd72,0cf136d0-8c6b-4b3a-a981-2b12fb1b643e,2022-01-20T10:55:50.813Z,2022-01-20T11:55:22.000Z,ikeapilot@gmail.com,Diesel Mill,Diesel Mill,1,28,32,No,0,No,0,0,0,Yes,Sallary,1500
b360958d-c546-42d0-a271-825cdd37afee,78bedd11-fde4-4bba-a0e2-f9c68fc150b7,2022-01-18T08:01:19.561Z,2022-01-18T17:33:06.000Z,ikeapilot@gmail.com,Electric Mill,Electric Mill,,,,No,0,No,,0,0,No,,0
7a771991-8390-4234-907f-67d0de39b2be,3367dc1d-3d53-4e01-a6e3-b06d75170e3c,2022-01-18T07:31:39.185Z,2022-01-18T11:57:25.000Z,ikeapilot@gmail.com,Diesel Mill,Diesel Mill,1,30,37,No,0,No,,0,0,No,,0
8f619121-9bbd-44c6-8e19-662d955050e5,cad0fd7f-5df0-4fc9-bce5-2ed24cb8ce64,2022-01-14T12:37:56.268Z,2022-01-15T04:03:06.000Z,ikeapilot@gmail.com,Diesel Mill,Diesel Mill,6,120,30,No,0,No,,0,0,Yes,"Worker salary, transportation",700
2ea6a3dd-f061-4fec-9c23-fb46ecc05519,0810282c-2eb1-4b8a-b14d-cab0ea45fedb,2022-01-13T11:58:11.010Z,2022-01-13T13:10:13.000Z,ikeapilot@gmail.com,Diesel Mill,Diesel Mill,0,0,0,No,0,No,0,0,0,No,0,0
9e04e088-0cab-4b1b-9527-327857eb0333,ea299aaa-35f8-4aa7-a90e-5987b8049247,2022-01-13T09:55:42.459Z,2022-01-14T11:00:26.000Z,ikeapilot@gmail.com,Diesel Mill,Diesel Mill,1,30,36,No,0,No,,0,0,No,,0
7aca21f1-00ca-4ae8-b07b-67a240909ce0,85ea58f8-4a8d-4b23-a820-d776e286205b,2022-01-13T08:09:10.957Z,2022-01-13T19:50:00.000Z,ikeapilot@gmail.com,Electric Mill,Electric Mill,,,,Yes,55,Yes,dngay teweqrual,0,0,No,,0
d4bda86f-9c2f-4591-a2ab-9661bb6d7230,70312581-1267-4591-aa17-630d6430c65b,2022-01-12T09:12:50.364Z,2022-01-12T17:13:42.000Z,ikeapilot@gmail.com,Diesel Mill,Diesel Mill,5,100,30,No,0,No,,0,0,No,,0
462b87d5-d070-4afc-810e-5f5c5818c72a,1a6fabf7-11db-425a-b92f-b120c5fc8455,2022-01-10T09:55:23.390Z,2022-01-13T00:20:10.000Z,ikeapilot@gmail.com,Electric Mill,Electric Mill,,,,No,0,No,,0,0,No,,0
9807ed7f-15eb-456e-9942-7c8464e6536d,4179631a-c0b1-4002-9f07-5f16e3be0d78,2022-01-05T11:30:21.125Z,2022-01-05T13:47:44.000Z,ikeapilot@gmail.com,Diesel Mill,Diesel Mill,1,28,32,No,0,Yes,Stone,200,20000,Yes,Sallary,1500
d363dc94-15e9-4c63-b36f-4221dbe2befc,24d3b535-7c7c-4621-8343-8228b6e87652,2022-01-03T08:51:48.509Z,2022-01-03T17:48:42.000Z,ikeapilot@gmail.com,Diesel Mill,Diesel Mill,4,80,29,No,0,No,,0,0,No,,0
124c8208-5117-4eed-a190-af690be3d3fd,181ee4ee-f6c0-4200-b701-ef1f839c7e16,2022-01-03T08:42:39.107Z,2022-01-03T18:38:59.000Z,ikeapilot@gmail.com,Electric Mill,Electric Mill,,,,Yes,55,No,,0,0,No,,0
1a53a0d6-46b7-4bc9-a28e-da89b5bb59ef,d7acf35e-060c-4c34-9b99-ca7104d1c175,2021-12-31T10:57:17.494Z,2022-01-03T03:40:25.000Z,ikeapilot@gmail.com,Electric Mill,Electric Mill,,,,No,0,No,,0,0,No,,0
0fec34c0-62eb-4b3b-9362-863caa439ec3,6413b710-2c7b-41a9-8d4d-c48ed63d3277,2021-12-31T09:22:33.048Z,2021-12-31T17:37:59.000Z,ikeapilot@gmail.com,Diesel Mill,Diesel Mill,6,180,29,No,0,No,,0,0,Yes,"Worker salary, transportation",1500
17fb3b2b-87aa-4bdd-b513-2cde8b13ea57,a46d1a30-3cbd-4fdb-be87-b1f3d87a3a41,2021-12-30T07:39:36.545Z,2021-12-30T18:46:10.000Z,ikeapilot@gmail.com,Electric Mill,Electric Mill,,,,No,0,Yes,dngay teweqrual,0,0,Yes,le srategna,600
c249c249-6210-4274-a007-8b0727955064,939ff1d4-f4b1-40f7-a955-0201172a8337,2021-12-30T07:38:12.120Z,2021-12-30T18:43:48.000Z,ikeapilot@gmail.com,Electric Mill,Electric Mill,,,,No,0,Yes,dngay teweqrual,0,0,Yes,le serategna,600
b2189440-5818-4350-ba1a-c14f904e240c,7402b149-2187-47f1-a105-9c3cfb0405eb,2021-12-29T12:19:49.041Z,2021-12-29T15:43:54.000Z,ikeapilot@gmail.com,Diesel Mill,Diesel Mill,3,60,29,No,0,No,,0,0,Yes,Transportation,250
729857ac-bba0-4ef0-a4fe-d9512dfd25e5,81848346-c3c2-4342-a06d-d9fa217be9f1,2021-12-29T12:19:12.277Z,2021-12-29T14:34:37.000Z,ikeapilot@gmail.com,Diesel Mill,Diesel Mill,0,0,0,No,0,No,,0,0,No,,0
3b99cbf3-96d6-43b3-9f76-3aea46b9d63c,cbfd9046-c62d-48ec-bcf5-0b8241b2b062,2021-12-29T08:36:39.103Z,2021-12-30T10:37:23.000Z,ikeapilot@gmail.com,Diesel Mill,Diesel Mill,2,60,35,No,0,No,,0,0,No,,0
fc0ed320-c378-458e-9a10-5a44bba26c6a,02de9d2a-8788-4daf-bb06-388dd490bb74,2021-12-28T08:43:22.116Z,2021-12-28T16:06:27.000Z,ikeapilot@gmail.com,Electric Mill,Electric Mill,,,,No,0,No,,0,0,No,,0
f507a88d-984f-48bf-a0c5-885cf2e7d276,c28e0f95-3e0e-45da-b2f9-dd8ddd3b8d4a,2021-12-27T08:04:46.391Z,2021-12-27T18:32:30.000Z,ikeapilot@gmail.com,Electric Mill,Electric Mill,,,,No,0,No,,0,0,Yes,le serategna,400
360ac131-4474-42b8-bc1a-5f003af841de,a8380ee3-4463-4f03-b3e9-774f028835a7,2021-12-27T08:03:01.447Z,2021-12-27T18:30:45.000Z,ikeapilot@gmail.com,Electric Mill,Electric Mill,,,,No,0,No,,0,0,Yes,le serategna,400
96f1dd11-83b1-4d88-bea4-38c8645346ff,e6413279-5658-48b0-a78a-41ad125e6b7e,2021-12-24T10:06:14.203Z,2021-12-25T09:42:29.000Z,ikeapilot@gmail.com,Diesel Mill,Diesel Mill,1,30,35,No,0,No,,0,0,No,,0
08e93c2f-a9b0-4fb5-bede-2d7d78ea1b37,99336af7-bc45-4608-85ae-e15b0a62418a,2021-12-24T08:44:07.606Z,2021-12-24T17:43:25.000Z,ikeapilot@gmail.com,Diesel Mill,Diesel Mill,7,140,29,No,0,No,,0,0,No,,0
38715ad0-340c-4843-bd06-aa0551b642c7,56e31400-4f1d-4a09-ba48-a91efb17210c,2021-12-24T08:19:45.790Z,2021-12-24T18:41:08.000Z,ikeapilot@gmail.com,Electric Mill,Electric Mill,,,,No,0,Yes,ye wancha kushneta,0,300,Yes,le serategna,400
58af94e8-1933-4063-b052-ce11e12a593e,fce6d7af-5ba7-47ed-b9c3-256f37b773fd,2021-12-24T08:17:54.426Z,2021-12-24T18:37:57.000Z,ikeapilot@gmail.com,Electric Mill,Electric Mill,,,,No,0,No,,0,0,Yes,le serategna,400
88ab696b-cd3b-461d-b2ec-a21840459661,4cb708d6-0451-4f7d-a0fd-a0994a1f503d,2021-12-23T12:53:31.274Z,2021-12-23T13:23:01.000Z,ikeapilot@gmail.com,Diesel Mill,Diesel Mill,2,112,4704,No,0,Yes,Stone,0,0,Yes,Sallary,1500
e30e01cb-0fa8-4d71-a53c-4f1b6aa191f5,ce9d836b-70be-4738-8e2e-a1d394b8d374,2021-12-22T08:14:32.690Z,2021-12-23T13:24:50.000Z,ikeapilot@gmail.com,Electric Mill,Electric Mill,,,,No,0,No,,0,0,No,,0
12cf0cf6-d790-408c-a97a-0fb8618a8455,5e1bf60b-9a53-4bf3-9514-9ad6a36b8688,2021-12-22T07:53:38.021Z,2021-12-22T16:25:07.000Z,ikeapilot@gmail.com,Electric Mill,Electric Mill,,,,No,0,No,,0,0,No,,0
dd4e02bf-631f-4d75-a85f-537361f48533,f67634b5-dd7f-469f-bd88-bc5ab0125205,2021-12-21T08:58:05.955Z,2021-12-21T15:46:34.000Z,ikeapilot@gmail.com,Diesel Mill,Diesel Mill,9,180,29,No,0,No,,0,0,Yes,Woreker salary,1000
1d28342f-9e0c-4172-8bc4-ef7e15a0bfce,8cc57d0a-534e-4303-ada9-1a5082cb6ae2,2021-12-21T08:43:40.653Z,2021-12-21T18:52:12.000Z,ikeapilot@gmail.com,Electric Mill,Electric Mill,,,,No,0,Yes,blon,0,100,Yes,le serategna,400
97c53be0-e0e0-4810-ae57-652724c371d6,ea18a9ce-8f1a-466c-8aa3-f8e46592353b,2021-12-21T08:42:44.792Z,2021-12-21T18:47:46.000Z,ikeapilot@gmail.com,Electric Mill,Electric Mill,,,,No,0,Yes,marsh,0,300,Yes,le srategna,400
86ba60c7-9cf8-43fc-abc7-1d69c3ddb083,3e032c61-869d-48c7-ad8d-3958101cce50,2021-12-19T11:02:51.728Z,2021-12-19T18:35:19.000Z,ikeapilot@gmail.com,Electric Mill,Electric Mill,,,,No,0,Yes,dngay,0,1600,Yes,transport,400
d0a3f2e3-a74f-4443-b3ad-116fd243e6ac,c807737c-085d-4661-9b2e-67584f39ef8f,2021-12-18T10:29:29.128Z,2021-12-18T17:02:20.000Z,ikeapilot@gmail.com,Electric Mill,Electric Mill,,,,No,0,No,,0,0,Yes,le serategna,390
d2133cc1-ea7e-417c-86a6-884c0f1ac9e3,27e1a70c-d512-4403-a107-85081cb15026,2021-12-18T10:28:32.077Z,2021-12-18T17:04:38.000Z,ikeapilot@gmail.com,Electric Mill,Electric Mill,,,,No,0,No,,0,0,Yes,le serategna,390
e921000e-4e1d-4764-8257-4d2c340e37dc,2de0a758-ec72-4a90-8d79-7c0a7ed5bf48,2021-12-17T11:33:28.328Z,2021-12-20T12:19:51.000Z,ikeapilot@gmail.com,Electric Mill,Electric Mill,,,,Yes,9000,No,,0,0,No,,0
1dd81444-22ee-4f65-8726-a8e1a98d4ee7,604eaa3a-884b-49d2-bc66-f334144501cd,2021-12-17T11:16:35.367Z,2021-12-20T12:18:51.000Z,ikeapilot@gmail.com,Diesel Mill,Diesel Mill,2,60,35,No,0,No,,0,0,No,,0
acfae77b-3703-4917-ad4a-44e8c51f6ff5,b9a765aa-7779-4b97-a2cf-f672fbb3fd38,2021-12-15T12:27:04.578Z,2021-12-15T14:59:22.000Z,ikeapilot@gmail.com,Diesel Mill,Diesel Mill,0,0,0,No,0,No,,0,0,No,,0
baf737b2-69fa-4d18-9547-aa637f940fbb,f9fa8813-6b26-438b-b4b6-98aaddb2ca8e,2021-12-15T11:54:09.168Z,2021-12-15T15:38:31.000Z,ikeapilot@gmail.com,Diesel Mill,Diesel Mill,5,100,28,No,0,Yes,"Boleja, kuchinet,dinamo",0,6500,Yes,Transportation,250
f053072f-eeaa-4548-838b-b6bd4040798f,47547188-40b0-4eaa-8d70-cbf3794518f4,2021-12-15T09:00:23.849Z,2021-12-15T17:06:00.000Z,ikeapilot@gmail.com,Electric Mill,Electric Mill,,,,No,0,No,,0,0,Yes,le serategna,780
bb31aa1a-bb65-4d9a-b04d-22446ee4a0b7,9bf6059c-3349-4e60-a985-1774be113267,2021-12-15T08:59:06.694Z,2021-12-15T17:07:02.000Z,ikeapilot@gmail.com,Electric Mill,Electric Mill,,,,No,0,Yes,kushneta,0,350,Yes,le srategna,780
afc89f51-4c71-4428-91a0-89aeb3f95e0b,7cc01337-b7e1-445c-a449-701e26e440cc,2021-12-10T08:46:14.579Z,2021-12-10T17:38:01.000Z,ikeapilot@gmail.com,Electric Mill,Electric Mill,,,,Yes,55,No,,0,0,No,,0
9f1eb1d9-7f76-4d3b-9a6c-d967ad26a195,ce322c55-a336-4469-ac00-763bf23616f1,2021-12-10T07:25:37.680Z,2021-12-11T14:03:23.000Z,ikeapilot@gmail.com,Diesel Mill,Diesel Mill,1,30,30,No,0,No,,0,0,No,,0
c7aeb4e2-5758-4b3c-bb41-59feaf087656,f7c1216a-9d05-4b60-a13b-1eb80a409514,2021-12-08T12:43:43.660Z,2021-12-10T05:41:54.000Z,ikeapilot@gmail.com,Diesel Mill,Diesel Mill,1,28,1000,No,0,No,,0,0,Yes,Sallary,2000
e5f44efc-f532-4bb3-8e16-2faa4643d432,d18473b5-ada1-4edf-8505-b5f197d74095,2021-12-08T10:43:36.524Z,2021-12-08T16:59:41.000Z,ikeapilot@gmail.com,Electric Mill,Electric Mill,,,,No,0,No,,0,0,Yes,le srategna,300
62558491-e0fc-4c5f-a965-745b093e8560,d6b4fedd-b067-4f06-899f-d310fab66bc6,2021-12-08T10:42:59.146Z,2021-12-08T17:04:37.000Z,ikeapilot@gmail.com,Electric Mill,Electric Mill,,,,No,0,Yes,kushneta,200,300,Yes,le serategna,300
c6be8dc9-4780-4056-a90d-e2b0f1dc2084,a7f547e9-6aa3-406b-a2c7-b102d8b9b618,2021-12-08T08:50:24.208Z,2021-12-08T17:10:07.000Z,ikeapilot@gmail.com,Diesel Mill,Diesel Mill,8,160,28,No,0,No,,0,0,Yes,"Transportation,worker salary",1700
a119e6b4-ad11-4047-8e64-f7a378bb5dc2,af0270ff-34b4-468b-9884-d8407aecd3d6,2021-12-07T09:33:22.851Z,2021-12-08T06:33:46.000Z,ikeapilot@gmail.com,Diesel Mill,Diesel Mill,2,60,30,No,0,No,,0,0,Yes,Worker Salary,700
6aae768a-dd78-456f-87d7-2637302e585a,337cd074-1afe-414c-ae9f-a1ea47b1721c,2021-12-06T09:18:11.271Z,2021-12-06T17:06:00.000Z,ikeapilot@gmail.com,Electric Mill,Electric Mill,,,,No,0,Yes,dngay teweqrual,300,0,Yes,le serategna,300
d6df65f2-dcd4-4792-9cba-c3dca458c506,f798ee1b-eb29-4821-ac1b-c420b200b301,2021-12-06T09:16:38.449Z,2021-12-06T17:08:20.000Z,ikeapilot@gmail.com,Electric Mill,Electric Mill,,,,No,0,Yes,dngay teweqrual,300,0,Yes,le serategna,300
1fb48bdb-6bf3-4277-8524-96c27f4e5f65,d8cd3256-4afa-47c1-abc2-a6d99ce759ed,2021-12-06T08:17:24.422Z,2021-12-06T15:57:00.000Z,ikeapilot@gmail.com,Diesel Mill,Diesel Mill,1,20,28,No,0,No,,0,0,No,,0
89df454a-3959-41a9-82b6-4dbfa0767504,87319934-2a3a-4a07-8f9f-451c808da8cb,2021-12-03T09:59:27.426Z,2021-12-03T15:27:27.000Z,ikeapilot@gmail.com,Diesel Mill,Diesel Mill,8,160,28,No,0,Yes,Moter,0,1250,Yes,Transportation,250
8e1fb6a1-b7e3-480d-a0b9-7f8a1a84ea75,dbb4a0d4-8fa4-4451-9cb0-8e03dfe17a58,2021-12-03T08:59:52.512Z,2021-12-03T16:22:36.000Z,ikeapilot@gmail.com,Electric Mill,Electric Mill,,,,No,0,No,,0,0,Yes,le serategna,660
e9070f0f-2e08-411b-bb42-7a78ea5aee16,ffcb51b9-2bc4-4b1e-85f5-b5f754b0db26,2021-12-03T08:58:53.776Z,2021-12-03T16:24:49.000Z,ikeapilot@gmail.com,Electric Mill,Electric Mill,,,,No,0,Yes,kushneta,300,350,Yes,le serategna,660
6786caca-cd65-41be-b94f-212f4d52bf19,c7733afc-c455-48a2-be8a-ffdcdf4ee0d6,2021-12-02T08:22:07.205Z,2021-12-02T17:24:22.000Z,ikeapilot@gmail.com,Electric Mill,Electric Mill,,,,Yes,1500,No,,0,0,No,,0
e92ad825-b8c8-4e5d-b5a1-1c577b2299c8,a5cf1d4a-d1e8-463f-bec4-cee69284bde0,2021-12-01T12:20:36.332Z,2021-12-03T07:53:53.000Z,ikeapilot@gmail.com,Diesel Mill,Diesel Mill,1,28,1050,No,0,Yes,Stone,300,0,No,,0
6e465640-e5bb-43f0-a2b1-e75e50b85914,ad52978f-c375-4715-b97b-de5960d1cbf2,2021-12-01T09:09:34.988Z,2021-12-01T15:47:10.000Z,ikeapilot@gmail.com,Diesel Mill,Diesel Mill,7,140,28,No,0,No,,0,0,Yes,"Worker salary, transportation",1200
1e50b12f-75dc-4c5f-a7a4-80380fefc4d7,c752c650-1e9e-48b1-ab5c-11ff30a57dd9,2021-11-30T09:12:36.494Z,2021-11-30T23:56:10.000Z,ikeapilot@gmail.com,Electric Mill,Electric Mill,,,,Yes,3000,Yes,bollej( kibu bret) tebeydual,400,0,Yes,le srategna,800
82de8b6c-1a01-4df6-a7d4-6fa4efc9a031,111ac40d-dbd3-436e-ade1-3b723c418124,2021-11-30T09:11:37.566Z,2021-11-30T23:57:05.000Z,ikeapilot@gmail.com,Electric Mill,Electric Mill,,,,No,0,Yes,chnga,0,700,Yes,le serategna,800
c846ff64-7046-47c6-9bf2-2371a4469e9e,3adc8237-ff98-427b-b015-28a19333bb99,2021-11-29T08:17:17.290Z,2021-12-01T09:37:33.000Z,ikeapilot@gmail.com,Electric Mill,Electric Mill,,,,No,0,No,,0,0,No,,0
cc9dd72b-fc10-4871-a151-c7198896eddd,d72cb349-9fdc-46e4-803a-0118e6e0642d,2021-11-26T12:52:17.297Z,2021-11-26T14:37:26.000Z,ikeapilot@gmail.com,Diesel Mill,Diesel Mill,0,0,0,No,0,No,0,0,0,No,,0
7defb31d-af9d-4031-9769-8e3efa67f2ce,b2670634-1ad5-4e1c-a88f-16fa53b14b03,2021-11-26T09:44:08.907Z,2021-11-26T15:31:11.000Z,ikeapilot@gmail.com,Electric Mill,Electric Mill,,,,No,0,Yes,kushneta,0,300,No,,0
0fd4db14-f7a4-4bf3-8c72-e479622993e1,a36f8eaf-8a32-4a95-a661-044c6ebc1a93,2021-11-26T08:43:41.012Z,2021-11-27T10:33:36.000Z,ikeapilot@gmail.com,Diesel Mill,Diesel Mill,6,120,27,No,0,No,,0,0,Yes,"Worker salary, transportation",0
62470d35-5cce-442d-8fa8-c27039784b88,4ef0344c-8af7-4387-b917-9ac98caf6888,2021-11-25T07:16:41.993Z,2021-11-26T11:10:24.000Z,ikeapilot@gmail.com,Diesel Mill,Diesel Mill,0,0,0,No,0,No,,0,0,No,,0
107da862-f8f6-4e5b-a8ed-060c48ce56ab,887e5ce6-a70b-4930-9ad7-095c4ddf8797,2021-11-24T13:05:12.047Z,2021-11-25T05:08:58.000Z,ikeapilot@gmail.com,Diesel Mill,Diesel Mill,1,28,960,No,0,No,,0,0,No,,0
3cf12fee-f3c7-44c4-bead-8978c2d614bd,a0362146-c4c6-4370-9490-dfda6b3aab42,2021-11-24T09:03:57.868Z,2021-11-24T15:07:27.000Z,ikeapilot@gmail.com,Diesel Mill,Diesel Mill,5,100,27,No,0,Yes,Kuchinet,0,500,Yes,Transportation,120
4ad65694-c1de-4af3-b5db-90453998bf86,174c48f9-5644-4304-8e00-b9926f17f7bd,2021-11-22T08:02:53.622Z,2021-11-24T04:06:04.000Z,ikeapilot@gmail.com,Electric Mill,Electric Mill,,,,No,0,Yes,1 gngay,0,7300,Yes,le serategna,600
7fffc65f-49e0-41aa-873d-eff24950607b,50c5f16c-c0cd-46c5-8fe7-d10d62b8a0b9,2021-11-22T08:00:43.007Z,2021-11-24T04:04:39.000Z,ikeapilot@gmail.com,Electric Mill,Electric Mill,,,,No,0,No,,0,0,Yes,le serategna,520
aa53beb4-c720-4b62-8d46-24a036c57549,5ae3f0c4-3f81-4358-954e-d650f19038d3,2021-11-19T06:09:50.943Z,2021-11-19T16:28:37.000Z,ikeapilot@gmail.com,Diesel Mill,Diesel Mill,5,100,27,No,0,Yes,"Chinga,shemasi",500,2500,Yes,"Work salary, transportation",1500
0ce17968-1a9a-4339-a924-e26e108ff071,bb848cb6-8929-4300-93bd-8f2b8548ac37,2021-11-18T11:13:57.495Z,2021-11-18T17:28:36.000Z,ikeapilot@gmail.com,Electric Mill,Electric Mill,,,,No,0,No,,0,0,No,,0
5238d11e-02d5-42ee-b9bd-0bbedb44ae9e,16c64c73-fa02-41c5-9d4b-99c4c8091e14,2021-11-17T13:18:32.979Z,2021-11-17T17:01:19.000Z,ikeapilot@gmail.com,Diesel Mill,Diesel Mill,0,0,0,No,0,Yes,Wheel,3000,4500,No,0,0
0e5f9cc8-dd5c-459a-abdf-e26eb4a1f0bb,287a2328-b11e-4f4c-b269-52e78ed6dd92,2021-11-16T10:08:52.570Z,2021-11-16T14:43:15.000Z,ikeapilot@gmail.com,Diesel Mill,Diesel Mill,4,80,27,No,0,No,,0,0,No,,0
ce3b84f4-5593-434a-b132-a6d647e2db7c,32370325-1986-4a12-94e4-5d5133b02792,2021-11-16T09:26:08.467Z,2021-11-16T17:19:47.000Z,ikeapilot@gmail.com,Electric Mill,Electric Mill,,,,No,0,Yes,yewsx kushneta (ye gororo),500,560,Yes,ke serategna,800
9377c6d2-9216-46a4-8916-15aae8c8873a,5d84f983-7708-4211-9532-0e36a36b6cf9,2021-11-16T09:23:45.459Z,2021-11-16T17:15:36.000Z,ikeapilot@gmail.com,Electric Mill,Electric Mill,,,,No,0,Yes,Kushneta,0,350,Yes,le serategna,650
c147d621-acd3-402c-a1c1-98ae40a47e13,0f2b8de6-ba50-4a4c-8ec1-b46ab4d581ce,2021-11-12T12:38:26.239Z,2021-11-12T14:52:57.000Z,ikeapilot@gmail.com,Diesel Mill,Diesel Mill,5,100,27,No,0,Yes,Dinamo,200,1500,Yes,Transportation,200
1f6d579e-a4f2-44b0-8fdf-6d2d0d9db2c7,465af175-d952-4252-8a77-c9adfd978d0a,2021-11-12T11:12:15.441Z,2021-11-12T16:58:10.000Z,ikeapilot@gmail.com,Electric Mill,Electric Mill,,,,No,0,Yes,Kushneta,0,250,No,,0
5b896c97-c6ae-4fde-9a8b-63ff94d15d38,85e08bb5-b9c1-43d0-bdf0-7a7788fb60f9,2021-11-10T13:12:53.317Z,2021-11-11T08:20:07.000Z,ikeapilot@gmail.com,Diesel Mill,Diesel Mill,0,0,0,No,0,No,,0,0,No,,0
57cde290-1aa2-4393-94a1-5459b85c31c5,a15525bf-507e-4f2c-8a59-e9b77f66ae3d,2021-11-10T12:54:54.717Z,2021-11-10T15:50:30.000Z,ikeapilot@gmail.com,Electric Mill,Electric Mill,,,,No,0,Yes,,0,0,Yes,le serategna,960
c9da082a-1a71-456f-839a-5492494c05d9,4c2527ea-8bb2-4055-9715-e7d22c2b906c,2021-11-10T12:46:17.152Z,2021-11-10T15:48:57.000Z,ikeapilot@gmail.com,Electric Mill,Electric Mill,,,,No,0,No,,0,0,Yes,leserategna,780
09a8d3af-21e3-4a5b-8ec7-2e2234ae18bd,da42a455-4914-4728-a150-773654314720,2021-11-09T08:38:44.898Z,2021-11-09T14:38:40.000Z,ikeapilot@gmail.com,Diesel Mill,Diesel Mill,4,80,27,No,0,No,,0,0,Yes,Worek salary,750
875d7df4-a43c-474b-aa17-5ba9b1e0b44a,188fb6da-4d3c-4eec-89e5-4abbc15f7618,2021-11-05T11:46:47.442Z,2021-11-05T15:05:13.000Z,ikeapilot@gmail.com,Diesel Mill,Diesel Mill,4,80,27,No,0,Yes,"Moter, shemasi, dinamo",0,12500,Yes,Transportation,250
4816527b-530d-49cf-819f-783500850e2f,fe113945-8b21-4f21-b79d-416ef4aafc27,2021-11-04T10:30:41.152Z,2021-11-04T17:10:48.000Z,ikeapilot@gmail.com,Electric Mill,Electric Mill,,,,Yes,3530,No,,0,0,No,,0
e53f2569-18b4-42ba-8499-273f8e464d13,dd2e7e25-c62a-4aa7-97a5-ea8d0e0084eb,2021-11-03T13:48:03.544Z,2021-11-06T04:18:48.000Z,ikeapilot@gmail.com,Diesel Mill,Diesel Mill,0,0,0,No,0,No,,0,0,No,,0
f2c77f8a-33b5-4679-847d-5d9a59f40ea9,3d90dd5a-579c-4c19-b26e-6547475b4502,2021-11-03T08:43:34.241Z,2021-11-04T05:35:15.000Z,ikeapilot@gmail.com,Diesel Mill,Diesel Mill,4,80,25,No,0,No,,0,0,Yes,Work salary,950
1a1ad904-a24c-4326-9eee-387bb7543f76,6fc22ced-6254-46ed-8a0c-557942bc6254,2021-11-02T11:32:53.864Z,2021-11-02T16:33:22.000Z,ikeapilot@gmail.com,Electric Mill,Electric Mill,,,,No,0,Yes,"kofen,kushneta",0,850,Yes,leserategna,720
be71cab6-d46a-4ced-bea9-e7a029e200e2,d7a6b3b8-f86a-4281-b0c4-4f2f6930385e,2021-11-02T11:29:28.556Z,2021-11-02T16:32:25.000Z,ikeapilot@gmail.com,Electric Mill,Electric Mill,,,,Yes,55,Yes,kofen,0,750,Yes,leserategn,960
305009d3-f9c8-4960-8ad1-0c8132929125,30403ca7-2e0b-4169-ba89-a900d8b52911,2021-10-29T10:37:27.538Z,2021-10-29T15:10:16.000Z,ikeapilot@gmail.com,Electric Mill,Electric Mill,,,,No,0,No,,0,0,No,,0
b38ec0d3-e9e2-42a9-a873-646c0123e65b,8f3a31a5-2443-4c8b-9d64-b810ab1f912a,2021-10-29T08:50:32.091Z,2021-10-30T06:23:34.000Z,ikeapilot@gmail.com,Diesel Mill,Diesel Mill,3,80,21,No,0,No,,0,0,Yes,"Worker salary, transportation",900
40c5654b-f1d6-42bd-8b54-ded60ecd3f6e,e22acfba-d54e-44ef-a783-f34016bf9ca1,2021-10-27T08:29:33.556Z,2021-10-27T14:40:30.000Z,ikeapilot@gmail.com,Diesel Mill,Diesel Mill,3,60,27,No,0,Yes,"Chinga,moter,dinamo",0,12500,No,,0
c6118d2d-5c7d-45ac-9a09-eab7ddbddbff,5d4ae3d9-4bd0-4fb0-9267-4cfa6fcc137a,2021-10-27T07:04:25.321Z,2021-10-27T15:20:24.000Z,ikeapilot@gmail.com,Electric Mill,Electric Mill,,,,No,0,No,,0,0,Yes,le srategna,780
6c1e5cac-eeb7-4ef1-9fc6-5ff3ac9bdf18,d3646208-2990-4459-926a-795a4746c60d,2021-10-27T07:02:23.127Z,2021-10-27T15:17:15.000Z,ikeapilot@gmail.com,Electric Mill,Electric Mill,,,,No,0,No,,0,0,Yes,le serategna,960
2f38ea20-488f-4397-8562-347a38c34685,d73dfe13-007f-43e2-bb91-a5e8b61fbd40,2021-10-22T10:48:25.649Z,2021-10-22T17:28:35.000Z,ikeapilot@gmail.com,Electric Mill,Electric Mill,,,,Yes,5790,Yes,"dngay teqyrual,kushnetawoch,greas,chinga,shmas temoltual,marsh(ye wefcho meri)i",1500,18200,Yes,le serategna,1080
b5b67796-bec4-47e9-8b24-ea3e22a2064a,95149976-fe9b-453b-866c-81e7250d9198,2021-10-22T08:58:57.112Z,2021-10-22T14:38:06.000Z,ikeapilot@gmail.com,Diesel Mill,Diesel Mill,2,60,22,No,0,Yes,"Dinamo, motor, oil",0,12000,No,,0
4b177e9c-0a36-4d83-806a-b723a9a52573,57998c1b-d00d-4596-82c5-5af2a73543bf,2021-10-20T11:14:59.285Z,2021-10-20T15:26:10.000Z,ikeapilot@gmail.com,Electric Mill,Electric Mill,,,,No,0,No,,0,0,No,,0
d10f0dd4-9b27-4286-a310-3eb957e72128,2df31b50-d7bf-41b2-a64c-9a8c75eedb47,2021-10-20T08:47:17.426Z,2021-10-20T15:09:22.000Z,ikeapilot@gmail.com,Diesel Mill,Diesel Mill,1,20,21,No,0,Yes,"Motor,dinamo",1000,2500,Yes,"Work salary, transportation",1500
c21d9c14-597e-405a-a021-56eaa0981578,d04e35b4-b078-4e60-a410-4e018a4ec8ce,2021-10-14T07:54:24.595Z,2021-10-14T14:03:32.000Z,ikeapilot@gmail.com,Diesel Mill,Diesel Mill,1,30,27,No,0,Yes,"Shimasi,kuchinet",0,1100,No,,0
fdcf19e5-ec84-4375-9fe6-2252fe0c9ed3,e44b2c3f-c605-4ead-adb3-a2360bda377e,2021-10-05T09:48:57.865Z,2021-10-05T14:28:34.000Z,ikeapilot@gmail.com,Diesel Mill,Diesel Mill,2,60,27,No,0,Yes,Shemasi,0,200,No,,0
8d2aefa4-d415-4b60-bccc-4179a441290c,7628a2ea-50cc-4dbe-b479-1ad0511235d9,2021-10-04T12:10:10.366Z,2021-10-04T17:31:29.000Z,ikeapilot@gmail.com,Diesel Mill,Diesel Mill,1,235,30,No,0,Yes,"dngay teweqrual,chinga yetebexsew gexmewal",300,0,Yes,"transport,worker salary",275
1343ca45-6cf9-4a70-9adb-0245c0496db2,7fc3bbe4-53e3-416a-8b00-bfb96d947714,2021-09-21T08:44:10.618Z,2021-09-21T13:57:32.000Z,ikeapilot@gmail.com,Diesel Mill,Diesel Mill,3,60,25,No,0,Yes,Shimasi,60,120,No,,0
820fd038-1c8b-4bfe-bf15-3c17220b5911,168f04e5-cf61-4882-b400-a11ce77f8dd4,2021-09-16T11:25:11.100Z,2021-09-16T23:08:25.000Z,ikeapilot@gmail.com,Diesel Mill,Diesel Mill,1,108,30,No,0,Yes,dngay meweqer,120,300,Yes,"transport,worker salary",480
1a817f39-1e63-4205-bd49-948b59336f99,c7f395d3-3831-4b27-a737-1c5959ac5e6e,2021-09-16T09:06:02.229Z,2021-09-16T14:54:57.000Z,ikeapilot@gmail.com,Diesel Mill,Diesel Mill,1,20,5500,No,0,Yes,"Boloja,shimasi,",200,600,No,,0
